state,postcode,count,latitude,longitude
VIC,3000,117844,-37.8127,144.9604
QLD,4350,71800,-27.5687,151.9387
VIC,3029,67076,-37.8401,144.6888
NSW,2000,61957,-33.871,151.2067
NSW,2170,59999,-33.9293,150.9172
VIC,3030,55882,-37.9006,144.6949
VIC,3064,54917,-37.5749,144.9256
QLD,4870,53134,-16.9174,145.7426
QLD,4217,51900,-28.0009,153.4211
QLD,4670,51455,-24.8581,152.3563
WA,6210,51056,-32.5374,115.7202
VIC,3977,50919,-38.1064,145.2727
QLD,4740,50895,-21.1276,149.1724
VIC,3006,49915,-37.8253,144.9627
NSW,2250,46316,-33.4159,151.344
QLD,4551,46102,-26.8005,153.1075
QLD,4655,45648,-25.2979,152.8393
QLD,4215,44639,-27.9626,153.4042
QLD,4207,43944,-27.7383,153.1809
NSW,2145,43677,-33.812,150.9647
VIC,3350,41219,-37.5629,143.8493
NSW,2560,39329,-34.0823,150.8127
NSW,2650,37978,-35.1294,147.3583
NSW,2259,37551,-33.234,151.482
NSW,2444,36332,-31.4482,152.8983
NSW,2540,35676,-35.0397,150.6451
QLD,4305,34660,-27.6197,152.7564
VIC,3175,34478,-37.9836,145.2116
NSW,2148,34222,-33.7705,150.9037
NSW,2340,34166,-31.1051,150.9219
NSW,2261,34109,-33.358,151.4717
WA,6163,34097,-32.0844,115.7945
QLD,4209,34066,-27.8475,153.3095
WA,6112,33663,-32.1439,115.9751
QLD,4218,33130,-28.0375,153.429
VIC,3199,33090,-38.1539,145.1372
QLD,4680,33036,-23.9148,151.2612
WA,6065,32958,-31.7761,115.8251
NSW,2155,32828,-33.6969,150.9407
QLD,4211,32797,-27.9957,153.326
NSW,2750,32549,-33.757,150.6885
QLD,4510,32485,-27.0818,152.9577
WA,6164,32067,-32.1367,115.8456
NSW,2010,31713,-33.8819,151.2147
VIC,3216,31623,-38.1856,144.3258
QLD,4300,31452,-27.6522,152.9026
QLD,4000,31216,-27.4664,153.0258
TAS,7250,31194,-41.445,147.1383
SA,5000,30967,-34.9277,138.6004
NSW,2450,30963,-30.2777,153.1037
NSW,2765,30949,-33.6673,150.8604
VIC,3150,30678,-37.8898,145.1709
NSW,2500,30534,-34.4232,150.8868
NSW,2200,29981,-33.9192,151.0286
QLD,4101,29956,-27.4808,153.013
VIC,3073,29712,-37.7139,145.0101
ACT,2620,29688,-35.3611,149.2292
QLD,4570,29385,-26.1785,152.6472
NSW,2153,29063,-33.7539,150.9765
NSW,2570,28994,-34.0431,150.6978
NSW,2480,28954,-28.7837,153.2978
NSW,2800,28660,-33.2808,149.0924
NSW,2150,28643,-33.8161,151.007
VIC,3008,28587,-37.8188,144.9446
VIC,3550,28562,-36.7599,144.2898
VIC,3978,28142,-38.1091,145.3506
QLD,4006,28126,-27.4526,153.0367
QLD,4216,27977,-27.9085,153.3939
WA,6230,27939,-33.3562,115.643
QLD,4556,27776,-26.6928,153.0578
VIC,3141,27667,-37.839,144.9928
NSW,2795,27197,-33.4294,149.5831
VIC,3121,27093,-37.8201,145.0008
VIC,3023,27030,-37.7504,144.756
VIC,3810,26952,-38.0706,145.4763
QLD,4220,26862,-28.0863,153.4384
NSW,2830,26808,-32.2523,148.6146
QLD,4306,26606,-27.6042,152.7549
VIC,3053,26333,-37.8014,144.9656
QLD,4053,26333,-27.4004,152.9907
NSW,2747,26161,-33.7508,150.7341
NSW,2640,26140,-36.0612,146.9428
WA,6107,26017,-32.0157,115.9509
NSW,2065,25966,-33.8252,151.1966
NSW,2077,25944,-33.6971,151.1026
NSW,2770,25878,-33.7534,150.8142
QLD,4034,25768,-27.3585,153.034
QLD,4503,25619,-27.2525,153.0022
QLD,4152,25352,-27.4993,153.0956
VIC,3020,25343,-37.7832,144.8242
WA,6056,25152,-31.8839,116.0294
NSW,2026,25072,-33.8901,151.2709
QLD,4122,25052,-27.544,153.0887
WA,6330,25009,-35.0015,117.8759
NSW,2099,24987,-33.7508,151.285
NSW,2430,24777,-31.9396,152.4976
VIC,3021,24773,-37.7419,144.7983
NSW,2017,24584,-33.9027,151.2083
VIC,3182,24532,-37.863,144.9813
NSW,2478,24067,-28.8437,153.5665
QLD,4814,23982,-19.294,146.7588
NSW,2428,23958,-32.2127,152.5117
VIC,3136,23922,-37.7916,145.2822
QLD,4701,23903,-23.3452,150.5307
VIC,3806,23885,-38.0432,145.3433
QLD,4650,23738,-25.5749,152.6869
NSW,2031,23620,-33.9131,151.2456
NSW,2166,23266,-33.8913,150.9341
VIC,3338,22819,-37.7204,144.5712
VIC,3280,22717,-38.3749,142.4877
NSW,2011,22714,-33.872,151.2241
VIC,3805,22579,-38.0355,145.3044
QLD,4500,22574,-27.3022,152.9655
QLD,4214,22535,-27.9654,153.3696
WA,6018,22515,-31.8913,115.7881
NSW,2154,22501,-33.7292,151.0019
VIC,3072,22432,-37.7414,145.006
WA,6155,22417,-32.0697,115.9106
NSW,2112,22201,-33.8136,151.1051
VIC,3429,22068,-37.5778,144.7239
VIC,3500,22046,-34.1965,142.1451
VIC,3195,21986,-38.0048,145.097
NSW,2320,21913,-32.7172,151.5266
NSW,2580,21737,-34.743,149.7294
QLD,4560,21707,-26.6256,152.9609
WA,6061,21693,-31.8658,115.8452
NSW,2220,21623,-33.9654,151.1021
NSW,2230,21541,-34.0552,151.1498
NSW,2066,21507,-33.8134,151.1634
QLD,4573,21456,-26.5191,153.0845
QLD,4558,21266,-26.6551,153.0833
VIC,3754,21251,-37.5986,145.1059
WA,6530,21186,-28.7703,114.6272
VIC,3163,20985,-37.8926,145.0576
ACT,2615,20941,-35.2124,149.0286
NSW,2251,20830,-33.4728,151.3932
VIC,3058,20810,-37.74,144.9654
NSW,2217,20712,-33.9699,151.1373
ACT,2611,20684,-35.3285,149.0404
NSW,2232,20604,-34.033,151.0651
WA,6280,20572,-33.6643,115.3175
WA,6027,20489,-31.7565,115.7585
WA,6000,20427,-31.951,115.8605
SA,5108,20406,-34.7585,138.6239
QLD,4212,20396,-27.886,153.3482
VIC,3024,20384,-37.8745,144.6074
QLD,4810,20312,-19.258,146.8093
QLD,4702,20294,-23.5296,150.0209
NSW,2257,20285,-33.5152,151.3301
VIC,3046,20269,-37.7071,144.9268
WA,6110,20246,-32.0844,115.9787
WA,6069,20144,-31.7722,115.9881
VIC,3690,20136,-36.1293,146.8723
QLD,4165,19856,-27.6119,153.2894
NSW,2486,19850,-28.213,153.5255
ACT,2617,19820,-35.2312,149.0832
NSW,2165,19789,-33.8701,150.9463
NSW,2760,19742,-33.7652,150.7829
NSW,2035,19721,-33.9434,151.2425
NSW,2290,19706,-32.978,151.6953
NSW,2460,19631,-29.684,152.9335
QLD,4226,19583,-28.0643,153.3893
ACT,2602,19547,-35.2498,149.1406
NSW,2287,19471,-32.8972,151.6652
VIC,3174,19452,-37.9653,145.179
VIC,3134,19435,-37.8041,145.2331
NSW,2324,19407,-32.7068,151.9178
VIC,3037,19366,-37.7044,144.7567
NSW,2229,19362,-34.0433,151.1229
VIC,3011,19352,-37.7995,144.8964
VIC,3630,19328,-36.3793,145.406
NSW,2756,19306,-33.5839,150.8283
QLD,4017,19206,-27.3162,153.0509
VIC,3336,19018,-37.7155,144.7026
NSW,2088,18941,-33.8272,151.2407
NSW,2536,18916,-35.7324,150.2058
NSW,2113,18881,-33.7871,151.1245
WA,6171,18871,-32.3348,115.814
VIC,3337,18849,-37.6711,144.5724
VIC,3149,18831,-37.8774,145.1291
NSW,2350,18829,-30.5081,151.6754
NSW,2067,18783,-33.7965,151.1821
VIC,3844,18717,-38.1981,146.5367
VIC,3156,18703,-37.8905,145.2823
VIC,3032,18695,-37.7771,144.9064
VIC,3056,18687,-37.7669,144.9618
NSW,2160,18649,-33.8361,150.9846
ACT,2913,18609,-35.1764,149.1131
VIC,3051,18553,-37.7991,144.9488
NSW,2036,18552,-33.9615,151.2349
NSW,2216,18484,-33.955,151.1447
VIC,3181,18294,-37.8523,144.996
WA,6030,18290,-31.6764,115.7146
VIC,3217,18284,-38.2286,144.3491
NSW,2147,18257,-33.7686,150.9356
NSW,2325,18233,-32.8572,151.3266
NSW,2210,18165,-33.9589,151.0542
NSW,2121,18150,-33.7716,151.0793
QLD,4221,18078,-28.1206,153.4621
QLD,4109,18044,-27.5816,153.0583
SA,5162,17974,-35.1159,138.5345
QLD,4184,17952,-27.6475,153.3737
VIC,3204,17932,-37.9153,145.0395
NSW,2204,17907,-33.9105,151.1541
NSW,2285,17882,-32.9294,151.636
NSW,2539,17870,-35.3515,150.4582
QLD,4077,17837,-27.5959,152.9742
NSW,2541,17820,-34.8726,150.5992
WA,6062,17819,-31.8866,115.9064
QLD,4051,17792,-27.426,153.0024
WA,6055,17629,-31.8589,115.9768
QLD,4170,17618,-27.4714,153.0749
VIC,3551,17603,-36.7536,144.3126
TAS,7310,17526,-41.1925,146.3432
VIC,3122,17519,-37.8233,145.0327
WA,6060,17366,-31.9014,115.843
NSW,2144,17364,-33.8538,151.0303
QLD,4020,17348,-27.217,153.1057
VIC,3012,17341,-37.7982,144.8695
QLD,4509,17339,-27.2284,153.0213
VIC,3004,17309,-37.8425,144.977
VIC,3076,17294,-37.6401,145.026
VIC,3130,17232,-37.8234,145.15
NSW,2122,17135,-33.7827,151.0928
NSW,2176,17131,-33.8714,150.8888
WA,6169,17120,-32.3156,115.7422
QLD,4352,17119,-27.5043,151.9161
QLD,4301,17092,-27.6396,152.8574
VIC,3931,17007,-38.2297,145.0476
QLD,4068,16972,-27.4998,152.9772
WA,6168,16925,-32.2847,115.7431
VIC,3192,16895,-37.9632,145.0613
NSW,2567,16862,-34.0442,150.7492
VIC,3128,16857,-37.8241,145.1229
SA,5114,16792,-34.6867,138.6953
QLD,4127,16750,-27.6314,153.1359
WA,6152,16706,-32.0043,115.8678
VIC,3152,16652,-37.8651,145.2322
NT,0810,16626,-12.3788,130.8691
NSW,2530,16603,-34.4988,150.7912
NSW,2168,16582,-33.9129,150.8769
QLD,4114,16538,-27.6413,153.1084
NSW,2060,16508,-33.8388,151.2064
NSW,2529,16439,-34.577,150.8441
QLD,4118,16432,-27.6704,153.0398
SA,5290,16407,-37.8246,140.7824
QLD,4575,16311,-26.7259,153.1261
NSW,2263,16271,-33.2591,151.5268
VIC,3196,16186,-38.0492,145.1221
QLD,4178,16121,-27.4453,153.1623
NSW,2141,16099,-33.8632,151.0447
WA,6019,16094,-31.8992,115.7667
QLD,4703,15991,-23.1339,150.7396
QLD,4818,15989,-19.2294,146.6647
VIC,3083,15911,-37.6979,145.0585
VIC,3750,15832,-37.607,145.0121
NSW,2680,15802,-34.2862,146.0505
NSW,2142,15784,-33.8356,151.0104
VIC,3166,15757,-37.9012,145.0969
VIC,3040,15629,-37.7511,144.9086
NSW,2046,15621,-33.8594,151.1319
QLD,4879,15617,-16.7794,145.6829
VIC,3941,15571,-38.3815,144.8206
VIC,3220,15563,-38.1522,144.352
NSW,2196,15533,-33.9301,151.0621
QLD,4069,15511,-27.5091,152.934
QLD,4505,15474,-27.1532,152.9752
VIC,3109,15445,-37.7818,145.1623
NSW,2161,15374,-33.8553,150.9842
QLD,4012,15346,-27.399,153.0573
VIC,3044,15322,-37.7304,144.938
NSW,2194,15304,-33.9125,151.1025
VIC,3228,15293,-38.325,144.3174
VIC,3186,15252,-37.9087,144.9973
NSW,2565,15217,-33.9925,150.855
QLD,4507,15210,-27.0625,153.1594
NSW,2205,15206,-33.9339,151.1485
ACT,2612,15191,-35.2756,149.1365
QLD,4133,15177,-27.7066,153.1185
QLD,4075,15175,-27.5417,152.9791
NSW,2114,15143,-33.8098,151.0863
NSW,2315,15123,-32.7256,152.1473
VIC,3145,15100,-37.8779,145.061
NSW,2137,15064,-33.8522,151.1039
VIC,3207,15043,-37.837,144.9355
VIC,3070,14971,-37.7727,145.0004
VIC,3108,14948,-37.7855,145.1242
VIC,3153,14937,-37.8391,145.2708
NSW,2140,14928,-33.8637,151.0739
NSW,2131,14901,-33.8878,151.1263
SA,5159,14886,-35.0708,138.5882
NSW,2850,14849,-32.6055,149.6072
SA,5211,14840,-35.5497,138.6103
NSW,2020,14810,-33.9252,151.1902
QLD,4005,14809,-27.4632,153.0459
VIC,3168,14776,-37.9168,145.1295
VIC,3165,14731,-37.9212,145.066
VIC,3031,14698,-37.7906,144.9268
QLD,4817,14668,-19.3074,146.7077
VIC,3214,14564,-38.0801,144.3574
QLD,4506,14561,-27.1181,152.9457
WA,6025,14507,-31.8002,115.7553
NSW,2260,14496,-33.4351,151.4385
QLD,4169,14486,-27.4783,153.0397
NT,0820,14465,-12.4381,130.8463
NSW,2095,14457,-33.7973,151.2857
NSW,2040,14433,-33.8804,151.1568
VIC,3028,14397,-37.8735,144.7739
QLD,4557,14197,-26.69,153.1103
NSW,2323,14159,-32.7671,151.5895
VIC,3178,14119,-37.921,145.2484
VIC,3101,14104,-37.8049,145.0371
WA,6167,14086,-32.2319,115.8322
NSW,2127,14060,-33.8337,151.0723
QLD,4213,14058,-28.089,153.3488
QLD,4113,14047,-27.5881,153.0846
VIC,3003,14046,-37.8092,144.9482
NSW,2042,14041,-33.8984,151.1784
NSW,2527,14032,-34.5751,150.776
NSW,2034,14023,-33.9227,151.254
NSW,2440,14021,-31.0603,152.8329
NSW,2280,14011,-33.0254,151.6589
VIC,3084,13970,-37.747,145.0717
NSW,2283,13919,-33.0202,151.59
VIC,3875,13919,-37.8231,147.6142
QLD,4066,13914,-27.4805,152.9909
NSW,2228,13912,-34.0348,151.1024
VIC,3146,13907,-37.8554,145.0607
QLD,4032,13859,-27.3856,153.0269
VIC,3825,13846,-38.1625,146.2775
VIC,3205,13837,-37.8336,144.9605
WA,6151,13800,-31.9777,115.864
NSW,2528,13791,-34.5498,150.8582
WA,6430,13777,-30.7527,121.4643
VIC,3155,13760,-37.8581,145.2831
NSW,2880,13729,-31.9229,141.4686
NSW,2135,13718,-33.876,151.0878
VIC,3088,13712,-37.7006,145.1103
QLD,4285,13670,-27.9788,152.9825
NSW,2322,13650,-32.7856,151.6504
SA,5253,13587,-35.1291,139.2824
QLD,4121,13510,-27.5233,153.0576
VIC,3226,13491,-38.2594,144.5346
NSW,2195,13480,-33.9209,151.0729
NSW,2763,13471,-33.727,150.8925
QLD,4812,13462,-19.2857,146.7897
VIC,3340,13446,-37.6739,144.4289
NSW,2207,13428,-33.9489,151.1222
QLD,4030,13393,-27.4255,153.0351
VIC,3173,13367,-37.9971,145.1687
TAS,7000,13351,-42.8793,147.318
NSW,2179,13349,-33.9499,150.8077
QLD,4019,13344,-27.2479,153.097
VIC,3922,13337,-38.4661,145.2345
TAS,7018,13295,-42.8778,147.3936
NSW,2022,13284,-33.893,151.2497
NSW,2233,13201,-34.0645,151.0138
NSW,2118,13193,-33.7784,151.0475
VIC,3851,13190,-38.1897,147.364
VIC,3215,13189,-38.1133,144.3359
QLD,4370,13184,-28.2094,152.0345
QLD,4124,13182,-27.717,152.9833
VIC,3939,13132,-38.3747,144.9042
NSW,2100,13129,-33.7628,151.2642
NSW,2330,13115,-32.5618,151.1488
ACT,2914,13084,-35.1746,149.1415
NSW,2164,13054,-33.8501,150.9229
NSW,2745,13050,-33.8081,150.6752
WA,6153,12997,-32.0227,115.8429
VIC,3223,12981,-38.1452,144.6815
WA,6064,12975,-31.834,115.8481
NSW,2018,12923,-33.919,151.2067
WA,6008,12912,-31.9506,115.8211
VIC,3201,12905,-38.0998,145.1806
VIC,3095,12887,-37.7093,145.1543
SA,5045,12886,-34.978,138.5181
VIC,3131,12859,-37.8275,145.1739
WA,6100,12851,-31.9716,115.8962
WA,6014,12850,-31.937,115.8078
VIC,3171,12823,-37.9474,145.152
VIC,3555,12792,-36.7886,144.2444
VIC,3183,12788,-37.8668,144.9998
SA,5251,12777,-35.0803,138.8672
NSW,2037,12764,-33.8795,151.1856
NSW,2134,12740,-33.8769,151.1034
NSW,2300,12727,-32.93,151.7755
QLD,4035,12661,-27.3537,152.9796
WA,6059,12612,-31.8915,115.8741
VIC,3820,12608,-38.1547,145.9342
NSW,2484,12602,-28.3465,153.3704
QLD,4227,12596,-28.092,153.4078
QLD,4700,12584,-23.3828,150.5035
NSW,2234,12543,-34.0114,151.0229
NSW,2015,12525,-33.906,151.1962
WA,6111,12520,-32.1176,116.0272
VIC,3124,12518,-37.8388,145.0725
VIC,3936,12515,-38.3291,144.9815
NSW,2009,12469,-33.8704,151.1943
VIC,3082,12446,-37.6632,145.0618
QLD,4825,12444,-20.7492,139.4682
SA,5043,12426,-34.9965,138.5555
NSW,2171,12388,-33.9207,150.8451
QLD,4151,12356,-27.4982,153.0602
WA,6021,12346,-31.8791,115.8192
VIC,3074,12336,-37.6822,145.0128
VIC,3677,12283,-36.3581,146.3102
NSW,2761,12211,-33.7392,150.8451
VIC,3219,12191,-38.1728,144.3861
SA,5085,12183,-34.8581,138.6186
NSW,2151,12168,-33.7929,151.0107
NSW,2550,12142,-36.6831,149.8253
NSW,2485,12140,-28.1806,153.5298
NSW,2093,12139,-33.7921,151.2627
VIC,3198,12113,-38.1097,145.1369
QLD,4007,12040,-27.436,153.0664
VIC,3068,12039,-37.786,144.9876
WA,6004,12016,-31.957,115.8737
VIC,3809,11976,-38.0659,145.4134
QLD,4567,11936,-26.4028,153.096
QLD,4163,11927,-27.5313,153.2693
NSW,2321,11890,-32.7241,151.5805
QLD,4132,11864,-27.6823,153.0938
QLD,4074,11824,-27.5505,152.9265
QLD,4280,11813,-27.8128,152.9987
NSW,2223,11772,-33.9744,151.0764
QLD,4157,11761,-27.5382,153.1995
NSW,2016,11711,-33.8934,151.2065
QLD,4123,11656,-27.5903,153.1258
VIC,3071,11626,-37.758,145.0042
NSW,2190,11625,-33.9042,151.0566
QLD,4868,11624,-16.9732,145.7396
QLD,4116,11616,-27.6264,153.0514
VIC,3169,11606,-37.938,145.1202
VIC,3212,11601,-38.0221,144.3932
VIC,3184,11586,-37.8803,144.9866
NSW,2076,11568,-33.7187,151.1119
QLD,4208,11562,-27.7829,153.2709
NSW,2518,11557,-34.3739,150.9032
ACT,2905,11547,-35.4311,149.1091
WA,6101,11540,-31.9847,115.91
VIC,3222,11517,-38.1724,144.5617
NSW,2780,11498,-33.7108,150.3179
NT,0870,11462,-23.7001,133.8757
QLD,4078,11452,-27.6198,152.9611
NSW,2138,11441,-33.8338,151.0866
NSW,2487,11420,-28.262,153.5674
NSW,2566,11417,-34.0254,150.8403
SA,5095,11397,-34.8155,138.6159
WA,6054,11393,-31.8986,115.9457
NSW,2481,11378,-28.6524,153.5982
NSW,2537,11361,-35.9194,150.1304
TAS,7030,11297,-42.6073,147.1773
VIC,3047,11271,-37.6811,144.9275
NSW,2256,11241,-33.5001,151.3167
VIC,3043,11190,-37.6984,144.8824
VIC,3038,11182,-37.7074,144.7931
WA,6051,11180,-31.9326,115.8979
NSW,2577,11165,-34.5732,150.4113
TAS,7320,11135,-41.0641,145.8947
NSW,2021,11084,-33.8858,151.2285
NSW,2762,11072,-33.7002,150.8808
VIC,3188,11058,-37.9379,145.0154
QLD,4225,11030,-28.1672,153.5309
SA,5118,11018,-34.5955,138.748
QLD,4110,11008,-27.6052,153.0104
NSW,2101,11003,-33.7092,151.2911
VIC,3079,10972,-37.7665,145.046
VIC,3840,10967,-38.2389,146.4181
NSW,2117,10957,-33.7959,151.0412
VIC,3016,10954,-37.859,144.8887
QLD,4171,10950,-27.4557,153.0606
SA,5540,10933,-33.1911,138.0136
VIC,3042,10893,-37.7282,144.8787
VIC,3850,10858,-38.1028,147.072
SA,5158,10849,-35.0749,138.5237
VIC,3910,10844,-38.1528,145.1955
NSW,2074,10841,-33.7285,151.1306
NSW,2753,10825,-33.6119,150.7292
QLD,4610,10795,-26.5457,151.7981
SA,5606,10790,-34.7286,135.8578
NSW,2262,10785,-33.219,151.5321
WA,6010,10785,-31.9775,115.7786
VIC,3752,10776,-37.6367,145.0854
VIC,3934,10773,-38.2669,145.0261
VIC,3138,10766,-37.7803,145.3217
SA,5023,10743,-34.8961,138.5212
VIC,3039,10698,-37.7655,144.9208
WA,6076,10693,-31.9855,116.0583
SA,5112,10625,-34.7346,138.6733
SA,5038,10601,-34.969,138.5529
NSW,2304,10598,-32.8935,151.734
WA,6102,10559,-32.0042,115.9099
VIC,3564,10544,-36.1359,144.7398
QLD,4210,10538,-27.9143,153.2931
SA,5113,10527,-34.6992,138.6792
QLD,4179,10524,-27.4639,153.1748
NSW,2456,10523,-30.1005,153.1905
QLD,4815,10516,-19.3598,146.7223
QLD,4102,10502,-27.4935,153.0359
NSW,2641,10499,-36.0401,146.9397
TAS,7010,10484,-42.8349,147.267
NSW,2213,10465,-33.9598,150.9993
VIC,3123,10429,-37.8296,145.0503
SA,5169,10397,-35.1922,138.4817
NSW,2264,10389,-33.1055,151.5128
NSW,2218,10369,-33.9709,151.1193
VIC,3161,10368,-37.8717,145.0238
VIC,3057,10350,-37.7708,144.9757
NSW,2557,10342,-34.0117,150.7729
NSW,2289,10336,-32.9426,151.7105
SA,5109,10323,-34.7741,138.6646
VIC,3015,10320,-37.8383,144.8775
VIC,3193,10302,-37.9787,145.0323
NSW,2041,10296,-33.8569,151.1813
NSW,2193,10288,-33.9101,151.1204
NSW,2790,10275,-33.4917,150.1413
QLD,4011,10267,-27.4195,153.0582
VIC,3133,10255,-37.8463,145.1917
VIC,3140,10246,-37.7579,145.3543
WA,6105,10244,-31.9664,115.9417
VIC,3081,10231,-37.7427,145.0473
QLD,4064,10213,-27.464,153.0011
QLD,4850,10211,-18.6418,146.1729
WA,6050,10211,-31.9282,115.8715
VIC,3135,10187,-37.8203,145.2481
NSW,2089,10179,-33.8349,151.2194
WA,6053,10164,-31.9176,115.9155
VIC,3055,10152,-37.7627,144.943
WA,6020,10150,-31.8444,115.7622
VIC,3356,10138,-37.5917,143.8295
NSW,2575,10120,-34.4236,150.4574
VIC,3127,10116,-37.8241,145.1008
SA,5070,10112,-34.897,138.6428
WA,6104,10092,-31.9437,115.9357
TAS,7248,10083,-41.4008,147.1305
VIC,3818,10080,-38.1308,145.8521
QLD,4869,10075,-17.0193,145.7318
QLD,4304,10065,-27.6116,152.8005
VIC,3075,10062,-37.6673,145.0142
QLD,4125,10037,-27.7126,153.0646
VIC,3059,10033,-37.6352,144.89
VIC,3976,10009,-38.036,145.2659
NSW,2533,10007,-34.6638,150.8414
ACT,2614,9989,-35.2482,149.0553
WA,6009,9984,-31.9825,115.8072
QLD,4103,9975,-27.511,153.0307
QLD,4405,9975,-27.1748,151.2473
NSW,2111,9969,-33.8302,151.1272
WA,6450,9960,-33.827,121.8736
VIC,3065,9944,-37.8011,144.9793
ACT,2606,9939,-35.346,149.0862
WA,6108,9934,-32.0607,115.9547
NSW,2090,9930,-33.8308,151.2263
VIC,3218,9917,-38.1379,144.3328
QLD,4720,9917,-23.5329,148.155
VIC,3352,9912,-37.565,143.8322
WA,6122,9904,-32.2208,115.9942
VIC,3335,9892,-37.7227,144.6497
SA,5092,9879,-34.8241,138.6831
WA,6233,9811,-33.2608,115.7263
VIC,3162,9787,-37.8907,145.0253
QLD,4160,9780,-27.5035,153.2445
VIC,3142,9776,-37.8421,145.0144
NSW,2576,9765,-34.4902,150.427
NSW,2120,9762,-33.7281,151.0747
QLD,4878,9741,-16.8325,145.7097
NSW,2075,9722,-33.7256,151.1661
QLD,4105,9720,-27.5319,153.0201
NSW,2759,9719,-33.7996,150.7889
VIC,3172,9705,-37.9757,145.1384
QLD,4508,9693,-27.1912,153.0232
VIC,3170,9667,-37.9276,145.1767
NSW,2281,9654,-33.1013,151.636
WA,6026,9648,-31.8021,115.7964
SA,5067,9630,-34.9218,138.6306
NSW,2019,9623,-33.9481,151.2039
WA,6714,9622,-20.7415,116.8244
WA,6156,9618,-32.0397,115.8025
VIC,3400,9604,-36.7156,142.1974
QLD,4802,9559,-20.2808,148.7113
SA,5022,9552,-34.9101,138.4976
QLD,4059,9543,-27.4516,153.0094
QLD,4871,9540,-17.401,145.2978
VIC,3802,9536,-37.9767,145.2607
NSW,2768,9533,-33.7278,150.9299
VIC,3132,9518,-37.8183,145.1978
SA,5125,9514,-34.7768,138.7108
QLD,4223,9511,-28.1502,153.4657
QLD,4055,9482,-27.4004,152.9306
QLD,4504,9478,-27.186,152.946
WA,6005,9475,-31.9465,115.8452
WA,6028,9454,-31.7276,115.7358
QLD,4566,9410,-26.4043,153.0585
VIC,3104,9397,-37.7931,145.084
VIC,3995,9353,-38.607,145.5901
QLD,4807,9313,-19.6314,147.387
NSW,2146,9310,-33.7896,150.9519
VIC,3194,9310,-37.9809,145.0687
NSW,2203,9263,-33.9036,151.1396
VIC,3224,9240,-38.1855,144.4557
NSW,2032,9239,-33.9247,151.229
QLD,4805,9235,-20.0078,148.1954
WA,6148,9226,-32.0332,115.8962
ACT,2604,9214,-35.3225,149.1459
NSW,2007,9212,-33.8805,151.1976
VIC,3129,9204,-37.806,145.1232
NSW,2211,9190,-33.9557,151.032
WA,6157,9147,-32.0373,115.7858
TAS,7315,9120,-41.1693,146.1703
NT,0830,9114,-12.4885,130.9792
NSW,2008,9109,-33.887,151.1981
SA,5086,9107,-34.8619,138.6414
WA,6160,9100,-32.0536,115.7551
NSW,2212,9079,-33.95,151.015
NSW,2546,9070,-36.2792,150.1025
VIC,3018,9066,-37.8649,144.8216
VIC,3066,9059,-37.8023,144.9872
NSW,2519,9056,-34.3917,150.886
NSW,2452,9032,-30.3569,153.0871
VIC,3305,8992,-38.3394,141.594
NSW,2333,8981,-32.2725,150.8746
SA,5073,8978,-34.8962,138.6736
VIC,3185,8972,-37.8856,145.0056
NSW,2470,8963,-28.8582,153.0361
QLD,4816,8959,-19.3913,146.4599
SA,5082,8954,-34.8846,138.5921
VIC,3125,8951,-37.851,145.1142
SA,5214,8951,-35.5044,138.7906
VIC,3103,8924,-37.8098,145.0804
NSW,2049,8917,-33.8949,151.1522
NSW,2526,8913,-34.4545,150.8272
NSW,2206,8912,-33.9246,151.1242
QLD,4031,8896,-27.4078,153.0298
TAS,7249,8857,-41.4678,147.1577
VIC,3756,8856,-37.4122,144.9802
QLD,4341,8856,-27.6027,152.4173
SA,5048,8836,-35.0175,138.5259
NSW,2360,8824,-29.7651,151.1082
NSW,2219,8808,-33.9939,151.1369
VIC,3013,8806,-37.8168,144.8838
NSW,2162,8775,-33.8816,151.0024
NSW,2047,8769,-33.8514,151.1539
NSW,2777,8755,-33.693,150.5867
QLD,4128,8743,-27.6572,153.1758
NT,0832,8737,-12.503,130.9966
SA,5074,8707,-34.8818,138.6694
QLD,4115,8693,-27.6248,153.0321
WA,6103,8681,-31.9591,115.9132
SA,5700,8654,-32.4999,137.771
NSW,2096,8643,-33.7777,151.2849
NSW,2767,8616,-33.7619,150.8749
TAS,7011,8615,-42.7935,147.2467
QLD,4565,8614,-26.3741,153.0168
VIC,3002,8591,-37.8132,144.9838
QLD,4860,8571,-17.5214,146.0155
VIC,3355,8569,-37.5311,143.8265
NSW,2199,8566,-33.9054,151.0211
VIC,3187,8530,-37.9159,145.0168
VIC,3930,8502,-38.1907,145.0929
SA,5608,8497,-33.0263,137.5322
QLD,4164,8443,-27.563,153.2651
NSW,2594,8423,-34.3032,148.2786
NSW,2068,8417,-33.8012,151.2035
NSW,2282,8392,-32.9779,151.6492
NSW,2582,8377,-34.8878,148.9225
QLD,4120,8327,-27.5059,153.048
NSW,2221,8301,-33.9843,151.1065
NT,0800,8296,-12.4608,130.8414
VIC,3147,8254,-37.8673,145.0913
VIC,3078,8213,-37.778,145.0235
TAS,7009,8206,-42.8446,147.2939
NSW,2446,8202,-31.4565,152.6983
VIC,3250,8195,-38.3456,143.5844
NSW,2073,8157,-33.7485,151.1388
WA,6281,8135,-33.6183,115.1028
WA,6208,8129,-32.6032,115.835
VIC,3025,8122,-37.8345,144.8505
QLD,4880,8115,-17.0,145.4221
NSW,2870,8099,-33.1335,148.1787
SA,5008,8093,-34.887,138.5684
VIC,3556,8083,-36.7148,144.2566
VIC,3067,8079,-37.8066,145.0022
NSW,2224,8074,-34.0146,151.1033
WA,6149,8066,-32.0662,115.8629
TAS,7050,8049,-42.9793,147.3033
QLD,4564,8038,-26.6102,153.0883
NSW,2291,8029,-32.9422,151.7506
TAS,7005,8028,-42.9065,147.3357
VIC,3137,8012,-37.8096,145.3155
WA,6036,7997,-31.6419,115.6987
WA,6031,7992,-31.6987,115.7987
SA,5011,7980,-34.8815,138.5349
VIC,3033,7960,-37.7416,144.8659
VIC,3190,7950,-37.9503,145.041
SA,5173,7928,-35.2778,138.4584
SA,5063,7910,-34.9499,138.6219
NSW,2209,7893,-33.9484,151.0756
QLD,4455,7891,-26.5527,148.7606
NT,0812,7876,-12.3888,130.9023
VIC,3106,7869,-37.7601,145.146
QLD,4014,7835,-27.3747,153.0785
VIC,3912,7832,-38.2216,145.1912
NSW,2033,7831,-33.9096,151.2226
ACT,2603,7811,-35.3253,149.1347
SA,5107,7808,-34.7831,138.6109
QLD,4018,7791,-27.3426,153.0384
VIC,3730,7783,-36.0187,146.0266
SA,5013,7773,-34.8497,138.5357
WA,6057,7745,-31.9444,116.0088
NSW,2050,7726,-33.8877,151.1777
SA,5072,7724,-34.9101,138.6778
TAS,7307,7714,-41.1988,146.487
WA,6170,7704,-32.2649,115.8295
VIC,3048,7702,-37.6527,144.9231
QLD,4820,7696,-20.0725,146.2488
QLD,4800,7686,-20.3637,148.5891
SA,5163,7671,-35.146,138.5251
SA,5014,7665,-34.8681,138.5148
NSW,2027,7647,-33.8741,151.2389
WA,6285,7642,-33.9597,115.0707
SA,5024,7631,-34.9269,138.5106
NSW,2192,7616,-33.9191,151.0889
QLD,4061,7596,-27.4443,152.9434
SA,5062,7592,-34.9785,138.6133
VIC,3143,7587,-37.8572,145.0197
QLD,4811,7561,-19.3188,146.8184
VIC,3144,7540,-37.8563,145.0347
TAS,7140,7539,-42.7081,146.9558
WA,6109,7537,-32.0492,115.9961
NSW,2030,7532,-33.8605,151.2799
NSW,2126,7529,-33.7251,151.0431
QLD,4067,7503,-27.4964,153.0008
VIC,3631,7488,-36.4102,145.4159
SA,5032,7480,-34.9257,138.5403
NSW,2043,7438,-33.9036,151.1856
VIC,3672,7427,-36.5537,145.9799
TAS,7008,7422,-42.8623,147.2973
SA,5291,7414,-37.8842,140.7225
NSW,2222,7395,-33.9636,151.0855
NSW,2477,7395,-28.8515,153.4388
NSW,2303,7384,-32.9288,151.746
SA,5068,7382,-34.9207,138.6528
SA,5097,7381,-34.8213,138.7072
NSW,2070,7377,-33.776,151.1705
QLD,4877,7372,-16.5116,145.4675
NSW,2227,7358,-34.0396,151.0859
VIC,3041,7355,-37.7338,144.9094
NSW,2710,7338,-35.5425,144.9453
NSW,2794,7326,-33.8364,148.6778
QLD,4660,7325,-25.183,152.3602
NSW,2284,7322,-32.9621,151.619
SA,5031,7282,-34.9225,138.5668
QLD,4615,7276,-26.6701,151.9651
NSW,2107,7273,-33.6323,151.3242
NSW,2749,7270,-33.7132,150.7084
NSW,2380,7269,-30.9825,150.2408
SA,5115,7269,-34.6611,138.6815
ACT,2906,7247,-35.4625,149.0933
NSW,2571,7242,-34.2081,150.6227
QLD,4060,7237,-27.4431,152.9878
QLD,4131,7212,-27.674,153.1338
NSW,2318,7211,-32.7566,151.8709
VIC,3909,7210,-37.867,148.0038
VIC,3585,7205,-35.3434,143.5471
NSW,2548,7198,-36.8793,149.9147
NSW,2483,7196,-28.5096,153.531
NSW,2448,7194,-30.6327,152.9949
ACT,2607,7192,-35.3683,149.0973
NSW,2097,7177,-33.7317,151.2941
QLD,4159,7177,-27.4977,153.2159
WA,6147,7167,-32.0429,115.9268
QLD,4553,7144,-26.7481,153.0278
VIC,3915,7127,-38.3045,145.1805
WA,6066,7126,-31.8401,115.8961
WA,6725,7104,-17.9627,122.2243
SA,5051,7098,-35.0303,138.6197
VIC,3465,7097,-37.0455,143.7331
VIC,3691,7096,-36.1962,146.9723
QLD,4161,7080,-27.5275,153.2242
NSW,2029,7072,-33.8726,151.2705
SA,5042,7064,-35.0045,138.5769
WA,6162,7061,-32.0674,115.7642
SA,5037,7046,-34.9551,138.5599
NSW,2502,7043,-34.4853,150.8764
WA,6722,7033,-20.4089,118.6082
NSW,2024,7016,-33.9026,151.2598
QLD,4343,7012,-27.5795,152.2743
VIC,3197,7001,-38.0724,145.1363
QLD,4054,6998,-27.4027,152.9538
WA,6058,6972,-31.984,116.0081
NSW,2069,6952,-33.7838,151.1881
SA,5087,6952,-34.8723,138.6459
SA,5044,6934,-34.9925,138.5265
NSW,2517,6928,-34.3479,150.9072
WA,6017,6902,-31.9028,115.821
QLD,4671,6894,-25.0571,151.873
VIC,3107,6868,-37.7649,145.1128
WA,6154,6865,-32.0383,115.8248
VIC,3085,6864,-37.723,145.0773
SA,5280,6853,-37.5704,140.2957
VIC,3206,6850,-37.8471,144.9565
VIC,3300,6849,-37.7396,142.0247
ACT,2902,6841,-35.3867,149.0606
NSW,2400,6826,-29.459,149.8302
NSW,2766,6819,-33.7739,150.8402
SA,5096,6814,-34.8048,138.6549
VIC,3191,6808,-37.9533,145.0158
NSW,2443,6800,-31.6561,152.7804
NSW,2299,6796,-32.908,151.7033
NSW,2705,6782,-34.5428,146.3797
NSW,2103,6773,-33.6759,151.3043
VIC,3139,6765,-37.7833,145.5072
NSW,2305,6755,-32.9272,151.7086
NSW,2429,6731,-31.8634,152.3307
VIC,3061,6704,-37.6653,144.9597
VIC,3060,6697,-37.7056,144.9684
SA,5007,6678,-34.9022,138.5722
WA,6052,6678,-31.9147,115.8877
WA,6023,6634,-31.8335,115.7768
WA,6024,6595,-31.8314,115.8044
NSW,2125,6548,-33.7469,151.0363
QLD,4883,6546,-17.2714,145.4869
VIC,3644,6526,-35.9193,145.6577
NSW,2630,6516,-36.2205,149.1385
WA,6007,6505,-31.9363,115.8379
SA,5255,6489,-35.2656,138.9075
NSW,2061,6480,-33.8467,151.2135
ACT,2600,6458,-35.3117,149.1155
QLD,4520,6458,-27.3529,152.8491
VIC,3444,6444,-37.2245,144.4656
NSW,2064,6435,-33.8102,151.1843
NT,0822,6433,-12.6933,131.4516
NSW,2390,6407,-30.3375,149.7982
SA,5041,6402,-34.9817,138.5919
SA,5061,6397,-34.9537,138.6063
SA,5065,6385,-34.9391,138.6382
NSW,2208,6380,-33.9394,151.0995
VIC,3777,6378,-37.6497,145.517
WA,6063,6374,-31.8645,115.9398
NSW,2464,6358,-29.4367,153.343
VIC,3975,6354,-38.0615,145.2525
NSW,2152,6349,-33.7885,150.9935
NSW,2023,6329,-33.883,151.2578
SA,5046,6321,-35.008,138.5399
VIC,3437,6319,-37.4989,144.5938
SA,5271,6314,-36.9353,140.7177
VIC,3189,6312,-37.9409,145.0547
WA,6016,6306,-31.9199,115.8302
NSW,2071,6303,-33.7648,151.1622
VIC,3225,6278,-38.2712,144.6242
NSW,2871,6269,-33.389,147.9864
SA,5098,6269,-34.8307,138.6436
NSW,2564,6245,-33.9919,150.8906
SA,5012,6245,-34.8621,138.5485
NSW,2731,6226,-36.0886,144.7473
VIC,3019,6210,-37.7864,144.8544
VIC,3151,6201,-37.8529,145.1472
QLD,4380,6200,-28.6684,151.9155
SA,5084,6200,-34.8602,138.5915
VIC,3177,6186,-37.9918,145.2407
QLD,4413,6172,-26.7339,150.6365
VIC,3996,6171,-38.6331,145.7247
NSW,2177,6161,-33.8925,150.8822
SA,5034,6145,-34.9541,138.5903
VIC,3764,6136,-37.291,144.9489
SA,5039,6124,-34.9797,138.5728
VIC,3803,6099,-38.0062,145.2703
TAS,7015,6099,-42.8455,147.3576
VIC,3111,6057,-37.7913,145.1844
SA,5006,6052,-34.9073,138.5979
NSW,2115,6044,-33.8122,151.0587
NSW,2515,6038,-34.3063,150.9286
WA,6166,6032,-32.1297,115.7803
NSW,2535,5983,-34.8129,150.7128
WA,6038,5957,-31.6171,115.6854
NSW,2769,5946,-33.7061,150.9042
NSW,2038,5942,-33.882,151.1707
NSW,2226,5942,-34.0112,151.0644
VIC,3984,5936,-38.3698,145.5054
QLD,4311,5931,-27.4604,152.5214
SA,5033,5905,-34.9385,138.5607
TAS,7109,5898,-43.0714,147.0297
SA,5015,5890,-34.8443,138.4991
WA,6172,5884,-32.3607,115.7561
SA,5116,5872,-34.6248,138.7315
SA,5075,5834,-34.8682,138.676
QLD,4744,5833,-22.0024,148.0531
SA,5558,5807,-34.0671,137.5777
NSW,2044,5803,-33.9158,151.1716
SA,5081,5803,-34.8923,138.6164
WA,6006,5803,-31.9273,115.8538
NSW,2025,5802,-33.8867,151.2423
WA,6035,5786,-31.5463,115.6398
VIC,3034,5785,-37.7615,144.8623
QLD,4563,5780,-26.4157,152.9053
NSW,2039,5757,-33.8636,151.1707
NSW,2774,5753,-33.7392,150.6172
VIC,3105,5752,-37.7693,145.0923
WA,6401,5740,-31.6502,116.6721
SA,5019,5721,-34.8475,138.4853
QLD,4552,5718,-26.7516,152.8273
NSW,2086,5714,-33.7479,151.2276
SA,5238,5704,-34.8737,139.4057
WA,6211,5704,-32.6433,115.6393
NSW,2337,5701,-32.0256,150.8891
NSW,2072,5690,-33.7552,151.1512
NSW,2627,5686,-36.4255,148.6117
VIC,3089,5681,-37.6724,145.1543
VIC,3052,5671,-37.7841,144.9481
VIC,3167,5666,-37.9237,145.0945
NSW,2646,5658,-35.9457,146.3621
SA,5066,5654,-34.9381,138.6648
VIC,3953,5645,-38.472,145.9597
WA,6011,5624,-31.9949,115.7593
NSW,2136,5619,-33.8926,151.0878
NSW,2317,5619,-32.7231,152.081
NSW,2174,5617,-33.9612,150.8571
QLD,4511,5616,-27.0738,153.1082
VIC,3377,5603,-37.2826,142.9257
ACT,2601,5580,-35.2811,149.1288
NSW,2085,5562,-33.7294,151.2121
QLD,4070,5557,-27.5645,152.8773
NSW,2163,5547,-33.885,150.974
QLD,4562,5545,-26.465,152.9682
TAS,7004,5542,-42.8943,147.3136
SA,5341,5539,-34.1661,140.7319
SA,5501,5530,-34.5569,138.4819
NSW,2720,5527,-35.3272,148.2346
QLD,4873,5526,-16.3793,145.3897
TAS,7325,5517,-41.0086,145.7097
NSW,2525,5513,-34.4339,150.8529
ACT,2605,5507,-35.3325,149.0913
QLD,4741,5490,-21.135,148.9197
SA,5069,5487,-34.9091,138.6277
WA,6012,5484,-32.0126,115.7623
VIC,3026,5481,-37.8028,144.7741
WA,6150,5459,-32.0575,115.8355
SA,5607,5456,-34.4576,135.6703
QLD,4108,5447,-27.5665,153.0345
WA,6225,5446,-33.363,116.1601
SA,5161,5444,-35.0959,138.5355
NSW,2370,5440,-29.7349,151.7532
VIC,3629,5434,-36.3795,145.3379
NSW,2463,5432,-29.472,153.2185
VIC,3148,5426,-37.8812,145.1001
VIC,3660,5394,-37.0316,145.1601
VIC,3116,5364,-37.752,145.3171
SA,5355,5340,-34.4652,138.9939
ACT,2904,5338,-35.4107,149.1041
NSW,2133,5336,-33.8969,151.1042
NSW,2087,5331,-33.7645,151.2141
WA,6333,5324,-34.9704,117.2743
WA,6232,5308,-33.314,115.7196
NSW,2316,5305,-32.7729,152.0788
NSW,2298,5300,-32.9042,151.7222
NSW,2119,5277,-33.7529,151.0644
NSW,2156,5257,-33.6798,150.9882
NSW,2820,5250,-32.5806,148.9624
QLD,4737,5241,-21.422,149.2244
VIC,3450,5220,-37.0645,144.2177
QLD,4065,5210,-27.4598,152.9818
SA,5049,5202,-35.0374,138.5253
TAS,7173,5185,-42.8633,147.6416
NSW,2106,5159,-33.6564,151.3156
NSW,2489,5157,-28.382,153.5629
NSW,2431,5152,-30.8957,153.0426
QLD,4224,5148,-28.1464,153.4921
QLD,4561,5141,-26.552,152.9777
QLD,4073,5131,-27.545,152.9516
NSW,2447,5119,-30.7219,152.914
NSW,2132,5118,-33.881,151.1159
NSW,2335,5115,-32.6573,151.3615
VIC,3054,5072,-37.7852,144.9715
QLD,4130,5072,-27.667,153.2135
QLD,4021,5065,-27.2249,153.0841
SA,5064,5028,-34.9577,138.6415
ACT,2912,5015,-35.183,149.1364
SA,5016,4991,-34.8232,138.4959
QLD,4514,4988,-26.9638,152.7667
ACT,2900,4979,-35.4178,149.0697
VIC,3049,4946,-37.6757,144.8907
QLD,4865,4943,-17.1001,145.7705
VIC,3351,4933,-37.6432,143.6165
NSW,2130,4926,-33.8916,151.1375
NSW,2110,4921,-33.8322,151.1482
QLD,4340,4907,-27.6717,152.56
VIC,3757,4906,-37.5002,145.1488
NSW,2173,4905,-33.9549,150.9439
WA,6084,4899,-31.6185,116.048
QLD,4272,4898,-27.9351,153.196
VIC,3620,4894,-36.3102,145.0516
VIC,3925,4856,-38.5242,145.3575
NSW,2028,4849,-33.877,151.243
NSW,2590,4840,-34.647,148.0109
NSW,2754,4823,-33.5751,150.7133
NSW,2102,4806,-33.6866,151.2935
SA,5090,4803,-34.8424,138.6991
QLD,4104,4800,-27.5153,153.0137
QLD,4154,4792,-27.4845,153.1556
SA,5047,4792,-35.0254,138.5503
NSW,2048,4790,-33.8927,151.1667
NSW,2445,4789,-31.5681,152.8405
QLD,4519,4786,-26.8539,152.9383
QLD,4677,4779,-24.2439,151.8377
QLD,4173,4774,-27.4753,153.1318
QLD,4129,4761,-27.6819,153.1835
VIC,3094,4756,-37.7187,145.1246
QLD,4854,4749,-17.9574,145.9383
VIC,3956,4737,-38.6823,145.8885
VIC,3753,4728,-37.4747,144.9621
NT,0872,4716,-24.1613,132.2694
VIC,3860,4709,-37.9266,146.9799
NSW,2758,4707,-33.5192,150.6752
NSW,2295,4705,-32.8891,151.7937
NSW,2666,4703,-34.4411,147.5487
TAS,7215,4703,-41.7411,148.2586
TAS,7019,4671,-42.8957,147.4413
NSW,2062,4670,-33.8224,151.2128
SA,5025,4644,-34.9103,138.5359
VIC,3940,4640,-38.37,144.8753
VIC,3442,4635,-37.3519,144.5361
QLD,4390,4632,-28.5116,150.3096
QLD,4715,4628,-24.3938,150.5137
SA,5556,4628,-33.924,137.6332
SA,5204,4611,-35.4848,138.2726
QLD,4659,4599,-25.2616,152.5873
NSW,2265,4598,-33.0739,151.453
WA,6258,4586,-34.251,116.1519
QLD,4022,4573,-27.2134,153.0508
SA,5035,4560,-34.9522,138.5766
QLD,4555,4556,-26.6917,152.9563
NSW,2454,4550,-30.4511,152.9178
WA,6532,4544,-28.6821,114.6794
WA,6432,4538,-30.7818,121.4838
SA,5083,4536,-34.878,138.6114
WA,6173,4531,-32.4057,115.7605
QLD,4119,4511,-27.6072,153.1112
SA,5093,4498,-34.8357,138.6614
QLD,4310,4482,-28.0171,152.6763
SA,5223,4475,-35.7123,137.4859
NSW,2143,4461,-33.8876,151.0264
TAS,7054,4454,-43.0251,147.2629
SA,5076,4451,-34.8711,138.7028
VIC,3942,4445,-38.3674,144.7738
SA,5110,4439,-34.739,138.5944
NSW,2652,4437,-34.9553,147.0865
VIC,3180,4409,-37.8889,145.2498
QLD,4572,4406,-26.6701,153.1057
NSW,2327,4405,-32.8188,151.482
NSW,2372,4400,-29.0289,152.0194
ACT,2609,4390,-35.3262,149.1763
NSW,2158,4388,-33.6897,151.0272
VIC,3723,4372,-37.1526,146.2318
VIC,3722,4348,-37.0561,146.0885
TAS,7304,4348,-41.5596,146.6072
VIC,3796,4339,-37.7856,145.3819
NSW,2422,4331,-32.017,151.9526
NSW,2583,4323,-34.3863,149.4114
SA,5021,4322,-34.8752,138.4946
NSW,2622,4316,-35.4458,149.803
NSW,2785,4316,-33.6393,150.2877
VIC,3943,4310,-38.3451,144.7438
VIC,3087,4301,-37.7057,145.0838
VIC,3230,4287,-38.4107,144.1814
VIC,3160,4276,-37.9158,145.3509
TAS,7190,4251,-42.3847,147.9578
SA,5333,4240,-34.4469,140.5742
TAS,7330,4239,-40.8757,145.0815
NSW,2167,4230,-33.9717,150.8963
QLD,4076,4229,-27.575,152.9459
WA,6158,4223,-32.0397,115.7672
NSW,2782,4200,-33.7106,150.373
NSW,2508,4198,-34.2015,150.9833
QLD,4875,4183,-10.2366,142.5078
NSW,2116,4179,-33.8119,151.0425
NSW,2474,4175,-28.5816,152.9861
NSW,2319,4172,-32.7318,152.015
NT,0850,4169,-14.4668,132.2687
VIC,3233,4167,-38.7511,143.6695
QLD,4559,4155,-26.6565,152.9844
NSW,2534,4154,-34.7483,150.8201
NSW,2197,4131,-33.8984,150.9966
ACT,2903,4120,-35.3998,149.0896
QLD,4895,4117,-15.5249,145.2234
VIC,3451,4113,-37.0898,144.216
SA,5600,4109,-33.0327,137.5693
VIC,3126,4102,-37.8241,145.0765
WA,6753,4099,-23.3597,119.7928
QLD,4501,4098,-27.2824,152.9736
VIC,3284,4095,-38.3781,142.2298
NSW,2558,4086,-34.0319,150.8103
SA,5453,4086,-33.8491,138.6076
NSW,2482,4085,-28.5529,153.4727
QLD,4205,4070,-27.6892,153.1564
VIC,3880,4068,-37.9126,147.7208
QLD,4580,4065,-25.9466,152.9945
VIC,3427,4037,-37.6224,144.7066
NSW,2343,3993,-31.5021,150.6069
QLD,4502,3990,-27.2628,152.9693
SA,5554,3981,-33.9663,137.716
VIC,3227,3972,-38.2749,144.4738
VIC,3027,3965,-37.8607,144.7439
NSW,2619,3959,-35.3854,149.2049
QLD,4852,3952,-17.8955,146.0939
VIC,3666,3947,-36.7775,145.5788
VIC,3380,3942,-37.0589,142.7769
QLD,4605,3919,-26.2224,151.9317
SA,5575,3892,-34.9171,137.3969
SA,5165,3886,-35.1355,138.4771
NSW,2326,3883,-32.808,151.4459
VIC,3799,3880,-37.7484,145.6964
QLD,4401,3880,-27.4331,151.7156
NSW,2469,3877,-29.0181,152.8097
VIC,3358,3876,-37.5784,143.7946
WA,6090,3871,-31.8572,115.8915
NSW,2506,3865,-34.4766,150.848
WA,6003,3862,-31.9432,115.8637
NSW,2700,3854,-34.7558,146.5346
QLD,4107,3848,-27.5523,153.0342
SA,5352,3821,-34.5245,138.962
TAS,7052,3804,-43.0016,147.3191
WA,6721,3796,-20.3209,118.6113
VIC,3461,3788,-37.3131,144.1747
NSW,2787,3785,-33.7296,149.8679
QLD,4872,3785,-17.3162,145.2946
SA,5091,3785,-34.8189,138.7254
SA,5009,3783,-34.8917,138.5514
TAS,7216,3779,-41.307,148.2553
QLD,4010,3766,-27.4311,153.0436
QLD,4314,3762,-26.8745,152.1719
SA,5127,3755,-34.7993,138.6886
QLD,4710,3743,-23.268,150.8147
QLD,4013,3737,-27.3916,153.0697
VIC,3496,3736,-34.3101,142.1324
SA,5343,3725,-34.2809,140.5999
VIC,3678,3721,-36.4192,146.3713
VIC,3113,3720,-37.7408,145.2104
NSW,2094,3712,-33.7958,151.2746
NSW,2573,3709,-34.2222,150.5922
SA,5171,3702,-35.213,138.5539
SA,5010,3700,-34.8646,138.5626
VIC,3971,3698,-38.5817,146.6714
TAS,7321,3697,-41.133,145.6565
NSW,2621,3693,-35.2637,149.423
VIC,3741,3680,-36.7937,147.0097
QLD,4721,3672,-22.7663,147.5882
SA,5018,3658,-34.7871,138.492
VIC,3888,3636,-37.6303,148.5246
TAS,7253,3623,-41.0994,146.8251
VIC,3579,3620,-35.7163,143.916
VIC,3498,3616,-34.2379,142.1686
VIC,3616,3594,-36.4392,145.2217
TAS,7316,3584,-41.1231,146.0434
WA,6743,3577,-15.7877,128.7289
QLD,4824,3571,-20.7534,140.4494
WA,6726,3571,-17.9511,122.2155
SA,5167,3568,-35.1572,138.4753
SA,5275,3565,-36.8543,139.8582
NSW,2551,3564,-37.0785,149.8969
VIC,3804,3556,-37.9857,145.3091
VIC,3658,3531,-37.2191,145.0641
WA,6701,3531,-24.813,113.6778
WA,6312,3520,-32.9368,117.1866
NSW,2198,3516,-33.9095,150.9886
VIC,3636,3510,-36.0941,145.4625
SA,5168,3508,-35.1596,138.4989
WA,6180,3507,-32.4734,115.7696
QLD,4036,3501,-27.3161,153.013
SA,5353,3500,-34.5474,139.1811
ACT,2911,3494,-35.2081,149.1214
TAS,7270,3480,-41.1611,146.8113
QLD,4819,3473,-19.151,146.8512
SA,5252,3472,-35.037,138.9242
NSW,2505,3460,-34.4855,150.9007
NSW,2835,3460,-31.5079,145.8412
VIC,3102,3454,-37.7947,145.0534
VIC,3782,3439,-37.9224,145.454
WA,6159,3438,-32.0317,115.7542
VIC,3807,3414,-38.0478,145.3777
QLD,4625,3409,-25.5971,151.627
TAS,7277,3404,-41.3568,147.035
VIC,3950,3394,-38.4346,145.8255
QLD,4356,3393,-27.6908,151.6119
NSW,2354,3392,-31.0335,151.5979
NSW,2642,3382,-35.874,147.0707
NSW,2579,3363,-34.6827,150.1193
NT,0836,3357,-12.5627,131.1235
QLD,4112,3340,-27.6052,153.0959
SA,5152,3338,-35.001,138.7122
NSW,2357,3336,-31.2689,149.2931
NSW,2079,3330,-33.6683,151.1157
NSW,2821,3315,-32.237,148.2332
VIC,3232,3315,-38.5382,143.9745
SA,5117,3308,-34.6434,138.6455
SA,5126,3302,-34.7995,138.7199
NSW,2671,3300,-33.9012,147.206
NSW,2877,3300,-33.0361,146.9914
QLD,4172,3300,-27.4608,153.0998
VIC,3260,3297,-38.2441,143.1655
WA,6255,3288,-33.9484,116.1483
VIC,3523,3280,-36.9069,144.7152
QLD,4806,3280,-19.6852,147.4203
WA,6302,3260,-31.8902,116.7805
SA,5690,3258,-32.0008,133.3166
QLD,4717,3255,-23.5752,148.8823
SA,5153,3249,-35.0915,138.7727
WA,6215,3236,-32.8455,115.8416
VIC,3331,3234,-38.0381,144.1737
TAS,7170,3220,-42.8505,147.4716
QLD,4515,3205,-26.914,152.5571
SA,5351,3184,-34.6382,138.8849
WA,6525,3182,-29.2525,114.9366
TAS,7017,3111,-42.7648,147.2877
NSW,2063,3104,-33.8103,151.2158
VIC,3460,3099,-37.3437,144.1436
SA,5017,3099,-34.8034,138.4992
NSW,2420,3098,-32.4079,151.7293
QLD,4874,3093,-12.577,141.8882
SA,5330,3066,-34.1825,140.007
NSW,2799,3065,-33.5499,149.2502
NSW,2572,3062,-34.2015,150.568
VIC,3434,3061,-37.3523,144.7401
WA,6728,3061,-17.3961,123.7471
NSW,2293,3056,-32.9177,151.7573
QLD,4892,3055,-14.6361,141.8896
NSW,2516,3050,-34.3325,150.9148
NSW,2092,3041,-33.7938,151.2441
QLD,4714,3030,-23.6427,150.3917
SA,5089,3025,-34.8536,138.7041
QLD,4885,3024,-17.3613,145.6142
VIC,3158,3018,-37.9067,145.3302
VIC,3747,3010,-36.3627,146.6956
NSW,2365,3005,-30.1802,151.665
SA,5164,3003,-35.13,138.4959
WA,6034,2988,-31.5901,115.6684
NSW,2045,2984,-33.8789,151.1396
VIC,3737,2983,-36.5619,146.7322
VIC,3824,2978,-38.2147,146.1607
TAS,7172,2977,-42.7736,147.5676
WA,6174,2960,-32.4243,115.7597
QLD,4183,2959,-27.4405,153.4865
VIC,3179,2958,-37.8946,145.2281
SA,5680,2949,-32.698,134.1993
NSW,2427,2948,-31.8753,152.6735
TAS,7301,2946,-41.6055,147.1025
VIC,3765,2944,-37.8119,145.3449
QLD,4361,2937,-27.9292,151.9121
QLD,4750,2928,-21.0263,149.1552
NSW,2663,2912,-34.8685,147.5899
NSW,2258,2909,-33.353,151.3756
VIC,3561,2907,-36.3466,144.6991
QLD,4470,2895,-26.3974,146.2396
VIC,3036,2894,-37.7142,144.8242
QLD,4521,2894,-27.1603,152.8051
NSW,2632,2887,-36.9048,149.2453
SA,5052,2884,-35.0049,138.6233
VIC,3981,2879,-38.1965,145.5196
NSW,2752,2878,-33.9017,150.609
TAS,7150,2877,-43.1927,147.2577
VIC,3505,2871,-34.1758,142.0541
QLD,4487,2865,-28.017,148.5958
SA,5268,2861,-36.3255,140.7656
NSW,2473,2853,-29.1121,153.4275
VIC,3200,2848,-38.1213,145.1556
VIC,3938,2840,-38.3552,144.9296
NSW,2423,2839,-32.3603,152.2655
VIC,3608,2839,-36.7824,145.1425
VIC,3862,2839,-37.9179,147.1722
WA,6015,2838,-31.9276,115.764
WA,6239,2836,-33.5771,115.834
NSW,2549,2832,-36.9384,149.8693
NSW,2479,2827,-28.6948,153.5192
SA,5244,2823,-34.9373,138.9108
NSW,2647,2822,-35.982,146.0088
NSW,2827,2817,-31.6922,148.6295
QLD,4421,2805,-27.1868,150.4767
SA,5120,2802,-34.6655,138.5521
NSW,2852,2801,-32.3381,149.5119
NSW,2586,2797,-34.39,148.7519
NSW,2810,2796,-33.8966,148.1048
QLD,4037,2796,-27.3394,152.9469
VIC,3717,2792,-37.2742,145.3947
VIC,3842,2791,-38.3135,146.4168
WA,6220,2782,-33.0785,115.8613
QLD,4881,2767,-16.8374,145.6086
WA,6317,2761,-33.6824,117.5657
VIC,3714,2739,-37.2093,145.7103
SA,5373,2730,-34.3313,138.9132
WA,6566,2728,-31.5318,116.4566
SA,5277,2713,-37.4221,140.8233
WA,6324,2711,-34.6245,117.6875
NSW,2574,2706,-34.2877,150.5857
QLD,4518,2704,-26.9024,152.9497
SA,5573,2685,-34.4106,137.5891
NSW,2711,2680,-34.458,144.8407
VIC,3249,2671,-38.351,143.5516
VIC,3401,2662,-36.7748,142.1696
QLD,4730,2655,-23.487,144.1569
QLD,4630,2642,-24.863,151.1285
TAS,7112,2627,-43.1897,147.1048
QLD,4621,2621,-25.49,152.029
WA,6106,2616,-31.9916,115.9407
NSW,2773,2611,-33.7659,150.6256
QLD,4357,2610,-27.9396,151.1973
NSW,2829,2606,-30.9306,148.39
SA,5050,2604,-35.0255,138.5903
SA,5276,2601,-37.176,139.7819
QLD,4106,2600,-27.5512,153.0104
SA,5571,2594,-34.4722,137.9012
NSW,2722,2591,-35.0543,148.0983
WA,6516,2580,-30.3085,115.0459
NSW,2714,2573,-35.8069,145.5671
NSW,2128,2570,-33.8373,151.0436
QLD,4550,2570,-26.8077,152.9626
QLD,4312,2567,-27.2359,152.4427
NSW,2441,2556,-31.0078,152.873
NSW,2779,2535,-33.7207,150.4558
SA,5345,2534,-34.2577,140.4607
QLD,4888,2525,-17.6139,145.4628
WA,6707,2524,-21.9424,114.1245
NSW,2388,2523,-30.2591,149.32
VIC,3960,2522,-38.6677,146.2064
QLD,4751,2516,-21.1717,149.0532
QLD,4228,2501,-28.1513,153.4101
QLD,4309,2501,-27.9723,152.5821
VIC,3213,2491,-38.0507,144.3038
SA,5088,2489,-34.8521,138.6713
SA,5723,2489,-29.005,134.766
NSW,2453,2488,-30.3213,152.6185
NSW,2302,2484,-32.9269,151.7617
WA,6037,2481,-31.4953,115.6042
VIC,3342,2475,-37.6087,144.2257
NSW,2307,2471,-32.8813,151.6932
NSW,2840,2447,-30.0522,145.7111
QLD,4158,2445,-27.4856,153.2022
VIC,3463,2439,-36.9793,144.0493
TAS,7306,2427,-41.3772,146.3031
QLD,4606,2425,-26.3058,151.8545
NSW,2439,2424,-31.6312,152.7107
NSW,2082,2423,-33.6054,151.1378
NSW,2358,2416,-30.6313,151.4784
VIC,3926,2411,-38.3732,145.1141
QLD,4821,2410,-20.9343,144.2056
NSW,2104,2407,-33.6633,151.2922
VIC,3363,2403,-37.421,143.891
VIC,3904,2401,-37.8795,147.842
SA,5422,2401,-32.9607,138.8422
NSW,2488,2382,-28.3344,153.5668
NSW,2713,2382,-35.6294,145.5577
VIC,3231,2378,-38.4614,144.0942
NSW,2462,2360,-29.7303,153.1559
NSW,2665,2358,-34.3229,146.915
NSW,2455,2353,-30.4987,153.012
VIC,3099,2335,-37.6223,145.2021
VIC,3858,2334,-37.9565,146.7709
WA,6415,2333,-31.4858,118.2791
NSW,2159,2331,-33.637,151.0543
NSW,2191,2328,-33.9062,151.088
QLD,4804,2310,-20.6389,147.7833
NT,0880,2309,-12.2155,136.7171
NSW,2831,2306,-31.5428,147.6371
NSW,2587,2301,-34.5354,148.3462
TAS,7260,2299,-41.1631,147.5066
TAS,7300,2298,-41.5708,147.1728
SA,5254,2297,-35.0577,139.18
NSW,2292,2293,-32.922,151.7349
WA,6536,2291,-27.7216,114.1617
WA,6022,2278,-31.8501,115.8117
SA,5725,2276,-30.5607,136.9008
QLD,4415,2274,-26.6395,150.1951
TAS,7322,2274,-41.0444,145.8227
VIC,3241,2268,-38.2557,143.9829
NSW,2178,2248,-33.8718,150.8016
QLD,4355,2244,-27.2352,152.0496
NSW,2081,2226,-33.6194,151.15
NSW,2214,2222,-33.9387,150.9843
NSW,2225,2210,-34.0041,151.0805
VIC,3775,2210,-37.6427,145.3736
QLD,4275,2208,-28.0204,153.1565
VIC,3918,2203,-38.3398,145.1735
QLD,4626,2202,-25.6359,151.2475
SA,5172,2198,-35.2776,138.5631
QLD,4581,2196,-25.7361,153.1065
WA,6290,2192,-34.3053,115.1626
WA,6271,2185,-33.5509,115.5519
VIC,3944,2184,-38.3258,144.7172
QLD,4174,2184,-27.4509,153.13
SA,5212,2174,-35.5284,138.6776
TAS,7252,2173,-41.1731,147.0413
OT,2899,2165,-29.0365,167.9593
QLD,4303,2156,-27.5985,152.8428
WA,6081,2148,-31.8713,116.1546
NSW,2286,2139,-32.9085,151.5821
VIC,3431,2132,-37.4563,144.6807
QLD,4406,2130,-27.1843,150.8578
VIC,3549,2121,-34.6165,142.7703
QLD,4568,2119,-26.3639,152.8542
VIC,3797,2110,-37.8003,145.636
QLD,4516,2096,-27.0277,152.9487
SA,5461,2094,-34.1241,138.4214
NSW,2538,2089,-35.3317,150.4216
QLD,4362,2084,-28.0445,151.9932
QLD,4887,2077,-17.3952,145.3387
NSW,2581,2065,-34.7934,149.2764
TAS,7171,2061,-42.7948,147.5275
QLD,4313,2060,-27.0965,152.3808
NSW,2578,2057,-34.6541,150.2998
VIC,3919,2055,-38.3549,145.1981
NSW,2643,2049,-35.9799,146.6325
QLD,4753,2042,-21.15,148.9504
SA,5174,2036,-35.3281,138.4615
NSW,2346,2035,-30.7424,150.7298
VIC,3871,2011,-38.4078,146.1669
NSW,2804,2005,-33.5717,148.6569
VIC,3154,2001,-37.8576,145.3126
VIC,3781,1999,-37.937,145.4966
VIC,3892,1999,-37.5545,149.7529
QLD,4718,1998,-24.5928,149.9013
NSW,2329,1982,-32.1079,150.2582
QLD,4008,1978,-27.4112,153.1144
VIC,3393,1977,-36.2452,142.3983
SA,5522,1972,-33.5909,137.9347
NSW,2825,1970,-31.5939,147.1749
WA,6083,1967,-31.7616,116.2113
NSW,2628,1965,-36.3778,148.797
VIC,3093,1965,-37.7295,145.1181
VIC,3478,1965,-36.6686,143.2663
VIC,3568,1965,-35.8102,144.2119
VIC,3458,1963,-37.409,144.3247
VIC,3304,1960,-38.0803,141.561
VIC,3418,1956,-36.3107,141.6482
TAS,7275,1956,-41.2949,146.919
QLD,4725,1948,-23.5653,145.3004
VIC,3913,1946,-38.2612,145.1819
QLD,4745,1946,-22.5875,148.3506
NSW,2648,1942,-34.0013,141.9665
NSW,2701,1933,-34.7969,147.2018
VIC,3435,1931,-37.2638,144.7359
QLD,4153,1929,-27.4904,153.1285
VIC,3266,1928,-38.3615,143.0982
NSW,2471,1927,-29.0007,153.2622
VIC,3357,1927,-37.6506,143.8855
NSW,2776,1915,-33.6907,150.5437
WA,6315,1908,-33.3048,117.3291
NSW,2866,1907,-33.0746,148.891
QLD,4512,1905,-27.0407,152.8662
SA,5433,1900,-32.3409,138.0495
WA,6720,1899,-20.6731,117.1487
NSW,2644,1898,-35.7451,147.3194
NSW,2783,1898,-33.7201,150.4326
SA,5374,1895,-34.1582,139.1448
QLD,4882,1894,-17.2109,145.4652
WA,6284,1888,-33.8532,115.0864
VIC,3685,1887,-36.0534,146.4641
SA,5267,1887,-36.1223,140.361
NSW,2466,1883,-29.4018,153.3517
WA,6073,1879,-31.9028,116.1668
NSW,2108,1866,-33.6023,151.3209
VIC,3815,1864,-38.0927,145.7184
SA,5250,1858,-35.047,138.8663
SA,5155,1838,-35.011,138.7644
NSW,2334,1832,-32.6768,151.3912
NSW,2775,1830,-33.3821,151.0215
VIC,3793,1828,-37.8744,145.4145
SA,5235,1826,-34.7174,139.0692
WA,6175,1826,-32.4441,115.7558
SA,5523,1821,-33.3612,138.1908
QLD,4472,1819,-24.4422,145.4767
SA,5491,1819,-33.2025,138.6106
TAS,7467,1819,-42.0824,145.5535
VIC,3373,1817,-37.4282,143.3771
TAS,7303,1817,-41.5282,146.8352
QLD,4270,1816,-27.8714,153.1244
VIC,3114,1813,-37.781,145.217
SA,5160,1813,-35.1107,138.4984
QLD,4601,1812,-26.1458,152.0702
SA,5245,1810,-35.0294,138.81
VIC,3911,1809,-38.1941,145.1671
NSW,2157,1807,-33.5892,151.0057
VIC,3885,1806,-37.5822,147.9836
NSW,2267,1805,-33.0712,151.5873
VIC,3022,1804,-37.7777,144.802
SA,5417,1803,-33.6517,138.9227
NT,0860,1798,-19.649,134.1912
QLD,4358,1798,-27.7319,151.8542
SA,5605,1788,-34.362,136.0987
VIC,3980,1785,-38.2112,145.3568
TAS,7262,1783,-40.9951,147.4229
NSW,2347,1771,-30.3428,150.5827
VIC,3959,1764,-38.7821,146.103
VIC,3268,1760,-38.4978,142.9536
TAS,7053,1758,-42.9471,147.3479
QLD,4117,1757,-27.653,153.0841
TAS,7007,1754,-42.9175,147.3233
NSW,2653,1752,-35.7726,148.0095
WA,6751,1752,-22.6636,117.8132
VIC,3816,1747,-38.1055,145.7704
NSW,2306,1742,-32.9924,151.6803
WA,6125,1740,-32.3623,115.9686
NT,0828,1738,-12.4324,130.9265
NSW,2084,1729,-33.6781,151.2173
TAS,7116,1727,-43.1794,146.9589
NSW,2732,1725,-35.6028,144.1437
NSW,2849,1722,-32.7865,150.0374
QLD,4884,1722,-17.2733,145.6042
NSW,2669,1712,-33.7029,146.7414
QLD,4674,1711,-24.5127,151.9028
SA,5431,1710,-32.7106,138.5622
NSW,2824,1699,-31.6599,147.834
VIC,3370,1698,-37.2884,143.788
NSW,2328,1695,-32.3879,150.6717
WA,6044,1688,-31.0168,115.3507
WA,6503,1684,-31.3012,115.8312
NSW,2336,1682,-32.1525,150.8992
SA,5256,1676,-35.4413,138.9521
SA,5602,1674,-33.6669,136.9055
WA,6282,1673,-33.6686,115.0501
SA,5020,1670,-34.8646,138.4854
SA,5157,1654,-35.1449,138.6748
NT,0852,1653,-15.7095,132.2096
VIC,3364,1653,-37.3567,143.957
TAS,7256,1650,-39.9362,143.9474
QLD,4344,1648,-27.5708,152.1053
QLD,4809,1644,-19.5624,147.1407
SA,5259,1644,-35.3572,139.3575
SA,5213,1642,-35.5094,138.718
SA,5121,1639,-34.6849,138.6425
VIC,3770,1628,-37.7265,145.4068
QLD,4387,1627,-28.4435,151.1063
NSW,2352,1624,-31.0588,151.055
NSW,2832,1622,-30.0113,148.1101
VIC,3898,1620,-37.0618,147.4487
QLD,4385,1616,-28.8462,151.1644
WA,6442,1613,-31.2069,121.6363
SA,5094,1610,-34.8374,138.5952
QLD,4849,1608,-18.2696,146.0293
SA,5222,1608,-35.7709,137.897
WA,6304,1605,-32.1319,116.9095
VIC,3202,1602,-37.9552,145.0842
WA,6071,1600,-31.9062,116.1049
NSW,2656,1599,-35.226,146.7796
QLD,4613,1595,-26.1802,151.5289
SA,5320,1590,-34.0652,139.6449
VIC,3812,1584,-38.0628,145.5594
WA,6070,1584,-31.9151,116.0772
NSW,2847,1580,-33.3558,149.9835
VIC,3438,1580,-37.4625,144.602
NSW,2786,1579,-33.5609,150.2778
QLD,4342,1564,-27.5531,152.3948
NSW,2402,1560,-29.5065,150.5819
WA,6535,1559,-28.3427,114.5721
QLD,4890,1554,-17.6878,141.0835
VIC,3927,1550,-38.3911,145.1667
SA,5154,1549,-35.0155,138.7381
NSW,2472,1542,-29.0589,153.3752
VIC,3821,1537,-38.1569,145.9536
QLD,4490,1537,-28.0874,145.5946
QLD,4156,1528,-27.5508,153.1394
VIC,3115,1525,-37.746,145.2756
WA,6237,1525,-33.4757,115.689
TAS,7120,1522,-42.3495,147.4356
WA,6308,1519,-32.5709,116.9928
VIC,3315,1517,-37.5673,141.6825
SA,5241,1516,-34.9025,138.8758
NSW,2296,1515,-32.9152,151.7485
QLD,4465,1506,-26.5096,147.9647
SA,5260,1504,-35.2574,139.4597
NSW,2294,1503,-32.9123,151.7654
SA,5264,1503,-35.7432,139.3592
VIC,3472,1500,-36.8581,143.731
VIC,3264,1493,-38.2394,142.9144
QLD,4719,1493,-25.0356,150.1467
VIC,3929,1491,-38.468,145.0104
WA,6082,1491,-31.866,116.2115
VIC,3638,1487,-36.0566,145.1974
NSW,2382,1474,-30.6892,150.0589
QLD,4746,1471,-22.8049,148.7066
NSW,2675,1469,-33.4759,145.5497
WA,6244,1458,-33.8507,116.4683
VIC,3847,1455,-38.1602,146.7897
WA,6510,1452,-30.6482,116.0154
VIC,3265,1449,-38.2628,142.8216
QLD,4627,1449,-25.3371,151.087
QLD,4722,1449,-24.1631,148.0666
TAS,7184,1446,-43.111,147.7306
WA,6754,1441,-23.1997,117.6711
NSW,2559,1436,-34.0471,150.8096
NSW,2425,1431,-32.4482,151.9749
NSW,2834,1429,-29.4177,147.9804
VIC,3707,1429,-36.2073,147.9103
VIC,3311,1428,-37.5875,141.3973
QLD,4754,1425,-21.1616,148.8405
VIC,3282,1420,-38.2987,142.3676
QLD,4420,1417,-25.613,149.7646
QLD,4861,1416,-17.3483,145.9212
SA,5576,1415,-35.036,137.5894
VIC,3381,1410,-37.1482,142.5728
NSW,2848,1407,-32.8692,149.9715
NSW,2655,1405,-35.2661,147.115
WA,6077,1405,-31.775,115.8576
NSW,2778,1401,-33.7316,150.4827
NSW,2083,1390,-33.5307,151.2061
VIC,3937,1390,-38.3761,145.0209
NSW,2404,1386,-29.8749,150.5668
NSW,2738,1385,-34.1857,142.2272
NSW,2175,1377,-33.8428,150.8438
SA,5710,1376,-32.5134,137.8391
TAS,7016,1374,-42.8139,147.3544
NSW,2672,1372,-33.3056,146.3712
VIC,3699,1367,-36.7943,147.2213
QLD,4830,1366,-17.9118,139.2798
NT,0835,1361,-12.4921,131.0531
WA,6209,1361,-32.5495,115.7782
SA,5641,1354,-33.118,136.364
NSW,2449,1351,-30.6342,152.8214
SA,5583,1347,-35.0756,137.7387
WA,6426,1347,-31.3175,119.3634
SA,5201,1341,-35.1914,138.7512
VIC,3823,1340,-38.2116,146.0651
NSW,2729,1323,-35.2916,148.0372
WA,6395,1323,-33.8668,117.1506
TAS,7290,1317,-41.5063,147.0662
NSW,2712,1316,-35.6754,145.8102
QLD,4723,1315,-23.0912,148.0504
SA,5372,1314,-34.4535,138.8148
WA,6041,1314,-31.3241,115.5331
NSW,2278,1309,-32.9342,151.58
TAS,7212,1307,-41.5616,147.2811
WA,6275,1306,-33.9984,115.7331
WA,6443,1306,-32.1535,122.1306
VIC,3480,1299,-36.3684,142.9711
WA,6029,1294,-31.874,115.7581
NSW,2381,1292,-31.2625,150.1234
NSW,2231,1291,-34.0126,151.206
WA,6390,1290,-32.8067,116.4851
VIC,3234,1288,-38.6472,143.874
WA,6121,1284,-32.2137,115.935
VIC,3414,1279,-36.4365,142.0333
NSW,2748,1277,-33.7932,150.7325
WA,6260,1276,-34.4407,116.0183
QLD,4742,1274,-21.7055,148.6445
WA,6236,1273,-33.4122,115.7821
NSW,2421,1271,-32.558,151.584
QLD,4608,1270,-26.3729,151.7842
VIC,3814,1265,-38.0944,145.6723
QLD,4738,1263,-21.6376,149.3097
NSW,2105,1254,-33.6437,151.2854
VIC,3272,1253,-38.0555,142.8078
VIC,3621,1253,-36.251,144.9617
VIC,3831,1250,-38.0065,145.9628
VIC,3515,1248,-36.7558,144.1213
NSW,2798,1246,-33.4474,149.1599
QLD,4600,1245,-26.1017,152.2397
SA,5413,1242,-34.0645,138.8416
NT,0873,1241,-23.7539,133.8767
VIC,3916,1241,-38.4174,145.055
NSW,2681,1237,-34.2389,146.1898
NSW,2823,1233,-32.0266,147.9715
NSW,2869,1233,-32.6862,148.1826
NSW,2651,1229,-35.1511,147.4593
WA,6348,1228,-33.9307,120.1295
TAS,7020,1225,-42.9688,147.4959
NSW,2338,1223,-31.7573,150.8585
NSW,2371,1213,-29.4073,151.7153
VIC,3090,1211,-37.6684,145.1187
QLD,4858,1208,-17.5906,146.0668
TAS,7021,1208,-42.9073,147.4938
SA,5550,1206,-34.1528,138.1827
SA,5412,1205,-34.156,138.738
NT,0875,1204,-23.6949,133.8353
VIC,3612,1196,-36.5894,145.0285
SA,5371,1196,-34.5301,138.7541
NSW,2844,1195,-32.0375,149.4005
SA,5040,1194,-34.9661,138.533
NSW,2843,1186,-31.823,149.7118
NSW,2658,1179,-35.5148,146.9994
VIC,3277,1176,-38.3961,142.6162
SA,5502,1174,-34.4638,138.5276
VIC,3159,1172,-37.9178,145.3839
VIC,3808,1172,-37.9974,145.4196
NSW,2341,1171,-31.3498,150.6456
QLD,4799,1168,-20.6615,148.6611
TAS,7025,1168,-42.7411,147.4287
NSW,2707,1167,-34.8392,145.9146
QLD,4574,1163,-26.5938,152.7617
VIC,3453,1158,-36.9646,144.2504
NSW,2845,1154,-33.4127,150.0624
QLD,4307,1151,-27.8068,152.6437
QLD,4823,1146,-20.871,141.6175
VIC,3783,1143,-37.9508,145.555
VIC,3440,1140,-37.4261,144.5634
SA,5272,1140,-37.055,140.3385
QLD,4410,1137,-26.7256,151.1225
TAS,7264,1137,-41.0401,148.0326
SA,5577,1135,-35.0025,137.2701
SA,5581,1135,-34.7702,137.8583
NSW,2556,1130,-33.9319,150.7295
QLD,4822,1125,-20.7287,143.0125
SA,5609,1122,-33.0455,137.495
VIC,3525,1121,-36.2651,143.3685
WA,6123,1120,-32.2873,115.9919
NSW,2406,1112,-28.9724,149.0071
OT,6798,1112,-10.4258,105.6762
VIC,3669,1111,-36.6376,145.7223
VIC,3501,1110,-34.2403,142.1747
QLD,4614,1109,-26.8459,151.9724
WA,6323,1103,-34.4888,117.6228
QLD,4876,1101,-10.888,142.3732
VIC,3788,1099,-37.8596,145.3711
NSW,2297,1098,-32.907,151.752
SA,5166,1097,-35.1193,138.4771
VIC,3328,1093,-38.0252,144.0485
NSW,2080,1092,-33.6509,151.1346
VIC,3683,1088,-36.1554,146.6027
VIC,3749,1088,-36.3214,146.8482
QLD,4419,1088,-26.0886,149.9406
QLD,4428,1088,-26.5519,149.1859
VIC,3462,1085,-37.1016,144.0576
WA,6306,1085,-32.367,117.0189
VIC,3518,1081,-36.414,143.6226
VIC,3675,1081,-36.4707,146.2198
WA,6438,1081,-28.8902,121.3339
NSW,2717,1077,-34.09,142.0559
VIC,3758,1077,-37.3614,145.0283
SA,5322,1077,-34.1562,139.9067
WA,6770,1072,-18.4148,127.766
VIC,3240,1071,-38.2585,144.145
QLD,4735,1071,-22.4275,142.8938
VIC,3634,1067,-36.2377,145.4795
WA,6514,1062,-30.0073,114.976
NSW,2730,1060,-35.5233,148.1394
NSW,2715,1059,-34.6178,143.5354
VIC,3517,1057,-36.5352,143.871
WA,6286,1053,-34.033,115.093
WA,6176,1051,-32.4332,115.7771
VIC,3610,1050,-36.603,145.2197
NSW,2660,1047,-35.6659,147.0446
VIC,3713,1047,-37.2323,145.9
QLD,4711,1045,-23.2643,150.4875
SA,5203,1044,-35.4753,138.3547
TAS,7210,1044,-41.9421,147.5341
SA,5304,1040,-35.2108,140.8874
VIC,3490,1038,-35.0762,142.2772
QLD,4480,1033,-26.6421,144.1288
TAS,7255,1030,-40.0769,148.0498
TAS,7302,1030,-41.7001,147.0313
WA,6556,1024,-31.8523,116.2742
VIC,3673,1022,-36.6828,146.0633
SA,5640,1021,-33.6692,136.48
NSW,2172,1018,-33.9664,150.9796
VIC,3371,1017,-37.1897,143.6897
WA,6603,1017,-30.8975,116.7257
VIC,3318,1016,-37.036,141.2885
NSW,2396,1014,-30.9375,149.0505
QLD,4373,1009,-28.3353,152.3117
SA,5340,1006,-34.1745,140.7974
WA,6391,1005,-33.0299,116.8323
WA,6740,1003,-15.3504,127.9562
VIC,3869,996,-38.3409,146.34
SA,5210,996,-35.348,138.624
VIC,3763,995,-37.5258,145.3518
WA,6537,994,-25.942,113.531
VIC,3467,993,-37.0874,143.4746
SA,5302,992,-35.3175,140.487
WA,6560,988,-31.7661,116.3741
TAS,7469,988,-41.8838,145.3078
SA,5356,987,-34.3898,139.1969
SA,5480,980,-33.1474,138.3226
SA,5495,980,-33.0062,138.0089
NSW,2739,979,-34.1671,142.1807
QLD,4400,979,-27.4765,151.8209
VIC,3854,978,-38.1237,146.5735
WA,6338,978,-34.3529,119.1234
NT,0840,976,-12.7622,130.4063
QLD,4486,971,-28.6538,148.1233
NSW,2793,970,-33.7983,148.8729
VIC,3285,970,-38.2725,141.8821
VIC,3321,970,-38.0977,144.0364
NSW,2839,960,-29.9343,146.8727
VIC,3701,956,-36.3937,147.35
QLD,4695,953,-23.8329,150.9456
NSW,2836,947,-31.294,143.3183
QLD,4808,947,-19.5516,147.3534
VIC,3294,946,-37.6363,142.3348
QLD,4743,945,-21.3535,148.1107
QLD,4347,944,-27.5972,152.1891
NSW,2312,943,-32.1101,152.3802
QLD,4678,942,-24.1449,151.5703
QLD,4009,937,-27.433,153.0896
SA,5357,937,-34.3554,139.6226
SA,5720,932,-31.1712,136.8123
VIC,3882,931,-37.804,147.7484
QLD,4569,929,-26.3383,152.82
VIC,3700,923,-36.212,147.1968
WA,6383,921,-32.0095,117.3831
SA,5731,919,-30.2384,138.544
SA,5242,917,-34.9927,138.8255
QLD,4886,916,-17.5203,145.6164
VIC,3992,914,-38.551,145.5575
WA,6407,912,-31.6486,117.2386
SA,5434,908,-31.8488,138.4095
WA,6262,903,-34.6843,116.0945
NSW,2716,902,-35.3501,145.7289
VIC,3720,899,-37.033,145.8736
QLD,4359,891,-27.7873,151.9603
WA,6375,891,-32.3221,117.8801
VIC,3962,882,-38.6493,146.3345
VIC,3281,881,-38.2909,142.4953
QLD,4417,879,-27.1505,149.0961
QLD,4554,878,-26.7282,152.9663
NSW,2784,875,-33.7257,150.4137
QLD,4346,870,-27.5659,152.5924
WA,6710,867,-21.6518,115.115
NSW,2629,865,-35.982,148.7025
VIC,3874,864,-38.5526,146.9166
VIC,3664,863,-36.9001,145.2405
WA,6418,861,-31.8657,118.1497
TAS,7470,861,-41.7778,145.5361
QLD,4354,844,-27.3035,151.8555
QLD,4454,844,-25.7756,148.6097
SA,5520,844,-33.7871,138.194
NSW,2545,843,-36.1067,150.0412
VIC,3641,842,-35.9135,145.4407
QLD,4155,841,-27.5136,153.169
NSW,2311,840,-32.383,151.5286
VIC,3269,840,-38.6236,143.033
SA,5354,839,-34.5599,139.5865
VIC,3870,838,-38.39,146.2811
SA,5401,836,-34.3278,138.6664
VIC,3558,834,-36.491,144.61
QLD,4856,834,-17.7381,145.9906
TAS,7117,834,-43.3137,147.0192
VIC,3698,833,-36.7329,147.152
WA,6346,833,-33.5997,120.0544
SA,5311,831,-34.6113,140.6073
VIC,3441,829,-37.4032,144.5889
WA,6642,826,-26.5687,118.5123
SA,5451,824,-34.0309,138.6835
SA,5233,823,-34.8194,138.8959
SA,5631,823,-34.2617,135.7343
WA,6562,823,-31.7592,116.4499
WA,6410,822,-31.634,117.7185
VIC,3537,821,-36.0991,143.7267
NSW,2702,819,-34.7983,147.0376
NSW,2706,816,-34.5763,145.9885
VIC,3878,815,-37.8965,147.6811
VIC,3341,810,-37.5733,144.3241
NSW,2625,808,-36.5042,148.3052
NT,0834,805,-12.5421,131.0302
VIC,3283,803,-38.2922,142.3284
SA,5464,803,-33.6686,138.3795
VIC,3446,800,-37.1919,144.3696
QLD,4478,800,-24.9245,146.2317
WA,6718,800,-20.7677,117.1489
NSW,2873,798,-32.276,147.3331
WA,6630,798,-28.516,115.5147
VIC,3312,797,-37.5272,141.3164
QLD,4724,795,-23.6211,146.6815
SA,5555,793,-33.7304,137.9051
VIC,3987,792,-38.3236,145.6734
VIC,3091,789,-37.6391,145.1335
QLD,4829,788,-23.3492,139.7826
NSW,2395,786,-31.5578,149.4111
VIC,3740,782,-36.7051,146.9072
VIC,3923,782,-38.4661,145.3002
NSW,2875,781,-32.9119,147.6493
VIC,3464,781,-37.0427,143.815
SA,5670,778,-33.5972,134.9552
WA,6502,778,-31.3852,116.0872
SA,5722,777,-30.451,137.1654
SA,5170,776,-35.2291,138.477
VIC,3580,771,-35.6395,144.1242
NSW,2476,769,-28.3983,152.5033
VIC,3584,768,-35.4587,143.6366
NT,0886,767,-12.675,132.8377
NSW,2568,767,-34.1353,150.7319
NSW,2818,767,-32.403,148.8199
NSW,2828,766,-31.3223,148.5063
SA,5582,766,-34.9091,137.7925
NSW,2631,763,-36.5661,149.3211
SA,5473,757,-33.2675,138.3592
SA,5481,757,-33.0179,138.2461
WA,6207,757,-32.5104,115.9348
SA,5570,755,-34.2449,138.0006
WA,6429,755,-30.9566,121.1555
WA,6335,754,-33.9344,118.0163
TAS,7468,751,-42.1519,145.3244
QLD,4709,750,-23.0338,148.3465
VIC,3211,749,-37.96,144.4961
WA,6511,749,-30.503,115.0676
WA,6460,745,-31.2936,116.8279
VIC,3242,743,-38.3356,143.7922
WA,6436,743,-29.6922,121.0301
SA,5234,741,-34.8191,138.9655
WA,6224,741,-33.2514,115.8365
QLD,4716,740,-24.5278,150.6074
QLD,4855,740,-17.8152,146.0124
SA,5342,740,-34.2435,140.569
VIC,3345,738,-37.5772,144.1071
VIC,3062,736,-37.6387,144.9557
VIC,3791,736,-37.8904,145.3871
VIC,3419,735,-36.3736,141.2438
VIC,3951,734,-38.4634,145.7961
TAS,7305,734,-41.3493,146.4242
VIC,3301,731,-37.7843,142.0129
NSW,2339,730,-31.6839,150.6599
QLD,4287,730,-28.2478,152.8331
VIC,3575,727,-36.0659,144.1014
VIC,3096,724,-37.6671,145.1848
VIC,3859,721,-37.9302,146.8596
WA,6318,720,-33.8521,117.6264
SA,5221,718,-35.7817,137.7686
TAS,7268,716,-41.2659,147.2147
VIC,3945,715,-38.3868,145.6922
VIC,3767,713,-37.8371,145.3572
WA,6646,713,-26.5935,120.2304
VIC,3766,711,-37.8195,145.3729
QLD,4383,711,-28.9199,151.9313
VIC,3988,710,-38.3289,145.784
WA,6353,708,-33.0785,118.4948
QLD,4673,703,-24.7183,152.0869
WA,6519,700,-29.5231,115.7068
TAS,7113,699,-43.0898,146.997
SA,5278,698,-37.5594,140.6996
SA,5301,698,-35.38,140.0113
SA,5460,696,-34.2885,138.5319
NSW,2879,694,-32.3656,142.4255
VIC,3289,694,-37.8792,142.2833
WA,6398,693,-34.966,116.7285
VIC,3390,691,-36.6066,142.4669
SA,5360,691,-34.4548,138.9269
VIC,3097,690,-37.6904,145.2428
NSW,2361,689,-29.2646,151.1283
VIC,3448,687,-37.0805,144.3576
VIC,3786,685,-37.8796,145.3363
WA,6623,685,-29.2044,116.0262
VIC,3409,682,-36.7913,141.8823
WA,6609,682,-30.2733,116.6696
QLD,4705,680,-22.8299,149.5476
VIC,3687,679,-36.013,146.3974
QLD,4492,679,-27.9445,143.3219
QLD,4416,678,-26.9421,150.0842
SA,5231,676,-34.7694,138.8574
VIC,3779,675,-37.5113,145.7493
SA,5344,675,-34.2748,140.5386
VIC,3324,671,-37.9496,143.3448
VIC,3533,668,-35.4757,142.8355
SA,5400,664,-34.4636,138.6749
QLD,4798,663,-20.8725,148.7786
QLD,4403,662,-27.3238,151.5796
VIC,3728,661,-36.1582,145.9203
VIC,3751,661,-37.5428,145.0276
QLD,4620,659,-25.6372,152.2917
SA,5202,659,-35.3961,138.4673
VIC,3688,658,-36.1195,146.6883
VIC,3332,657,-37.9615,144.1298
VIC,3477,657,-36.7117,143.2515
QLD,4360,657,-27.8503,151.8998
QLD,4427,657,-26.5819,149.3906
VIC,3424,656,-35.8791,142.0029
VIC,3483,651,-35.9713,142.9129
VIC,3527,651,-36.0728,143.2411
SA,5307,651,-35.1158,139.9442
SA,5485,651,-32.6426,138.1151
NSW,2353,648,-31.0089,151.0658
WA,6124,648,-32.3351,116.0548
QLD,4381,643,-28.7416,151.8777
NSW,2618,642,-35.1361,149.0477
QLD,4371,642,-28.196,152.2508
QLD,4707,637,-22.3334,149.5074
SA,5552,635,-34.0711,137.9247
WA,6365,635,-32.6792,118.1533
TAS,7022,635,-43.0268,147.4159
SA,5652,633,-33.0389,135.4597
VIC,3856,632,-38.0544,146.6275
VIC,3900,631,-36.9208,147.7419
TAS,7179,629,-43.0208,147.9204
NSW,2737,621,-34.5633,142.7548
VIC,3396,621,-35.7261,142.3591
SA,5266,621,-35.9193,140.0056
SA,5482,620,-32.8769,138.3466
QLD,4388,616,-28.5821,150.6768
NSW,2865,615,-33.1785,148.6791
TAS,7026,615,-42.6574,147.4224
WA,6253,612,-33.7899,115.9856
NSW,2359,611,-30.1675,151.0468
NSW,2842,611,-31.7989,149.1138
VIC,3646,609,-36.2796,145.6995
SA,5262,608,-36.8409,140.8955
NSW,2659,606,-35.7402,146.8852
QLD,4497,606,-28.5535,148.9293
WA,6713,606,-20.6645,116.7118
NSW,2584,604,-34.6729,148.6373
WA,6321,604,-34.2805,117.518
WA,6043,601,-31.1061,115.3771
NSW,2833,600,-29.5147,148.5752
VIC,3903,599,-37.8152,147.8627
WA,6522,599,-29.1872,115.453
NSW,2369,598,-29.9473,151.2154
QLD,4365,596,-28.0057,151.5863
QLD,4422,595,-27.5172,149.7781
SA,5270,590,-36.3699,140.6286
VIC,3795,588,-37.8305,145.4324
VIC,3933,588,-38.2479,145.1178
WA,6311,587,-32.8121,117.1798
VIC,3251,586,-38.1705,143.6464
WA,6765,585,-18.2145,125.5115
VIC,3384,579,-36.9841,143.0929
QLD,4408,579,-26.8911,151.4149
QLD,4571,579,-26.2553,152.8805
QLD,4726,579,-22.9015,145.2636
WA,6638,578,-28.0652,117.8467
WA,6369,577,-32.0579,118.4759
NSW,2409,576,-28.6259,150.3458
WA,6320,576,-34.0584,117.6464
NSW,2569,574,-34.1859,150.713
SA,5381,574,-33.9496,139.0677
SA,5580,571,-34.6745,137.7862
SA,5419,569,-33.3948,138.9142
NSW,2792,566,-33.6511,149.0475
TAS,7214,566,-41.5894,147.9313
VIC,3239,565,-38.5544,143.4551
VIC,3896,563,-37.2433,147.7116
WA,6288,562,-34.1901,115.138
VIC,3379,560,-37.5745,142.7147
VIC,3761,560,-37.5943,145.2814
SA,5131,559,-34.8128,138.7606
WA,6461,559,-31.1827,117.037
SA,5432,558,-32.2938,138.5417
WA,6165,557,-32.1976,115.7902
NSW,2355,555,-30.8179,151.1315
SA,5603,555,-33.9023,136.5145
NSW,2424,553,-31.807,152.1097
QLD,4477,553,-25.7618,146.623
WA,6405,553,-31.6218,117.01
NSW,2806,552,-33.4283,148.3658
VIC,3640,552,-36.001,145.4687
VIC,3787,551,-37.8665,145.352
NSW,2757,548,-33.5519,150.6972
WA,6501,548,-31.5694,115.9687
VIC,3270,547,-38.6016,142.8751
VIC,3639,545,-36.0138,145.0251
QLD,4891,545,-17.4829,140.8379
WA,6218,545,-32.9557,115.8995
WA,6392,544,-33.3428,116.7534
SA,5243,542,-34.9824,138.8487
VIC,3623,541,-36.4496,144.9815
VIC,3570,538,-36.5372,144.2511
VIC,3360,535,-37.6973,143.5531
VIC,3521,534,-37.1218,144.858
SA,5106,533,-34.7856,138.6418
SA,5279,532,-37.5235,140.5272
QLD,4756,531,-21.1315,148.613
TAS,7155,528,-43.1255,147.2408
NSW,2864,525,-33.3046,148.7263
WA,6485,522,-31.1871,117.4002
WA,6213,518,-32.7161,116.0686
NT,0885,516,-13.8495,136.4201
NSW,2668,515,-34.1392,147.3918
VIC,3447,515,-37.1398,144.3468
WA,6423,514,-31.2845,118.6977
TAS,7331,514,-40.7634,145.29
VIC,3557,511,-36.6359,144.5024
WA,6440,509,-28.6127,122.4032
WA,6475,508,-30.7953,117.4736
VIC,3516,506,-36.6166,143.9726
VIC,3662,500,-36.9999,145.037
SA,5454,499,-33.494,138.6145
VIC,3890,497,-37.529,149.1599
QLD,4382,497,-28.8186,151.836
VIC,3333,495,-37.8543,144.0652
NSW,2791,494,-33.6013,149.1312
WA,6370,493,-32.7751,117.5407
VIC,3833,492,-37.8749,146.0702
WA,6479,492,-30.8604,118.2392
VIC,3966,490,-38.6434,146.434
WA,6078,489,-31.6968,115.8307
VIC,3361,488,-37.6938,143.3514
TAS,7258,488,-41.5028,147.2128
NT,0874,485,-23.7218,133.8789
NSW,2703,484,-34.6012,146.409
VIC,3392,483,-36.4475,142.5957
SA,5440,483,-32.326,140.1889
WA,6337,482,-33.962,118.9868
WA,6074,481,-31.8985,116.2041
WA,6254,481,-33.8402,116.0559
VIC,3759,480,-37.6419,145.2429
SA,5265,480,-35.7088,139.8268
WA,6355,477,-33.0081,119.1999
VIC,3813,476,-38.0691,145.6245
WA,6226,476,-33.2922,115.8009
NSW,2426,474,-31.8202,152.6016
VIC,3563,474,-36.2699,144.5295
VIC,3237,472,-38.6635,143.4685
VIC,3614,472,-36.4922,145.318
SA,5560,471,-33.8779,138.0099
VIC,3292,469,-38.0436,141.0091
VIC,3659,469,-37.1028,145.099
NSW,2344,468,-31.1749,150.795
WA,6517,468,-29.6926,115.8932
QLD,4517,467,-26.9539,152.9596
VIC,3822,466,-38.1971,146.0054
WA,6316,466,-33.5542,117.4339
WA,6518,466,-29.8399,115.2069
QLD,4111,465,-27.544,153.0447
NSW,2807,462,-34.0331,148.5618
VIC,3711,462,-37.4277,145.7078
QLD,4411,462,-26.8863,150.9392
SA,5654,462,-32.9069,135.1282
NSW,2342,461,-31.2287,150.6762
SA,5321,461,-34.0531,139.7658
VIC,3475,459,-36.7702,143.5299
TAS,7182,457,-43.1482,147.8479
QLD,4407,456,-27.544,151.1791
WA,6396,456,-34.35,117.0293
SA,5156,455,-35.0216,138.6826
TAS,7267,455,-41.2575,147.1446
SA,5604,454,-34.1104,136.34
SA,5730,454,-30.9712,138.5537
TAS,7012,454,-42.8373,147.1877
QLD,4739,453,-21.8979,149.3922
SA,5462,452,-33.8451,138.4814
WA,6350,452,-33.3112,117.7507
QLD,4727,451,-23.5458,144.512
SA,5642,451,-33.5807,136.2017
NT,0838,450,-12.7201,131.0161
QLD,4859,450,-17.5974,145.9894
NSW,2563,449,-34.1033,150.7571
QLD,4728,449,-23.556,146.1164
NSW,2868,448,-32.7444,148.6337
WA,6558,448,-31.7997,116.3122
VIC,3792,447,-37.8896,145.3959
SA,5421,447,-33.149,138.9282
TAS,7178,447,-42.9568,147.8495
VIC,3423,446,-36.1353,141.9869
NSW,2733,445,-35.1067,144.0587
VIC,3567,445,-35.9011,144.2906
QLD,4662,445,-25.346,152.5863
QLD,4731,445,-24.4782,144.3078
QLD,4732,444,-22.5931,144.5348
WA,6639,440,-28.452,118.9514
NSW,2623,439,-35.5889,149.4486
VIC,3428,439,-37.634,144.8037
VIC,3595,438,-35.1872,143.348
NSW,2403,437,-29.6502,150.8053
QLD,4025,437,-27.2196,153.3926
QLD,4713,435,-24.1321,149.4573
NSW,2645,433,-35.3236,146.2766
SA,5452,432,-33.9678,138.6485
VIC,3618,431,-36.3704,145.136
NT,0841,430,-12.8076,130.9667
NSW,2878,430,-32.8855,144.2875
TAS,7263,429,-41.2426,147.7259
VIC,3928,426,-38.3994,144.9695
VIC,3512,425,-35.2515,141.1606
NSW,2397,424,-29.9076,149.744
SA,5483,424,-32.8183,138.1968
VIC,3719,423,-37.0574,145.6119
VIC,3325,422,-37.9413,143.2043
VIC,3286,420,-38.0329,142.0033
VIC,3314,419,-37.4869,142.0567
NSW,2867,417,-32.9142,148.7126
VIC,3715,416,-36.9829,145.7539
NSW,2399,414,-29.4761,150.155
VIC,3238,414,-38.7282,143.4143
TAS,7254,414,-41.1174,147.2001
WA,6367,413,-32.4814,118.276
VIC,3243,410,-38.4129,143.7631
QLD,4488,410,-28.0628,147.3947
WA,6214,408,-32.7421,115.8285
VIC,3889,407,-37.6247,148.9136
VIC,3635,406,-36.155,145.3852
QLD,4374,406,-28.4562,151.9398
SA,5269,406,-36.3588,140.9036
VIC,3221,405,-38.1675,144.2178
TAS,7213,405,-41.7406,147.7563
QLD,4694,404,-23.8078,151.112
TAS,7023,404,-42.9902,147.4048
SA,5141,403,-34.9568,138.7275
VIC,3388,402,-36.6284,142.6518
QLD,4404,402,-27.2467,151.4632
TAS,7291,399,-41.5366,147.0099
VIC,3235,397,-38.4142,143.8922
VIC,3732,395,-36.6242,146.3606
QLD,4377,395,-28.5741,151.9621
VIC,3045,394,-37.6792,144.8477
TAS,7177,394,-42.8806,147.8158
NSW,2626,392,-35.9319,149.1549
VIC,3725,392,-36.4109,145.9327
QLD,4402,392,-26.9758,151.8338
QLD,4757,392,-21.1342,148.5095
SA,5633,391,-33.561,135.7687
TAS,7259,391,-41.3514,147.341
TAS,7209,390,-42.0426,147.5058
NT,0829,388,-12.4585,130.9725
QLD,4363,388,-27.6801,151.7193
VIC,3586,387,-35.2979,143.554
SA,5332,387,-34.2921,140.3511
WA,6716,386,-21.6311,116.339
VIC,3697,385,-36.6894,147.1521
WA,6227,385,-33.3143,115.8176
VIC,3546,384,-35.0759,142.8918
VIC,3965,383,-38.6965,146.4619
WA,6072,383,-31.9052,116.1351
NT,0854,382,-16.0649,136.3043
NSW,2405,382,-28.9167,149.6097
QLD,4378,382,-28.6168,151.9488
VIC,3566,381,-35.9498,144.3698
WA,6409,381,-31.6292,117.4966
TAS,7162,381,-43.1647,147.2296
NSW,2633,379,-37.0205,148.9232
VIC,3494,379,-34.4863,142.3232
WA,6394,379,-33.7663,116.9278
WA,6521,378,-30.3841,115.4693
NSW,2797,377,-33.6863,149.0292
VIC,3597,377,-34.9744,143.2594
VIC,3385,376,-36.9228,142.6316
SA,5611,376,-32.7602,137.1415
VIC,3895,373,-37.3587,147.8455
QLD,4612,372,-26.1486,151.6926
SA,5261,371,-35.5413,139.7405
NSW,2874,370,-32.6045,147.5791
VIC,3236,370,-38.5171,143.7113
WA,6328,370,-34.6552,118.3862
VIC,3395,369,-35.9337,142.4194
WA,6567,368,-31.5053,116.3196
TAS,7055,368,-42.9926,147.2892
VIC,3559,367,-36.5507,144.7763
NSW,2345,365,-30.9121,150.849
WA,6507,364,-30.713,115.7009
OT,6799,364,-12.1396,96.8762
NSW,2822,361,-31.9399,148.6269
QLD,4712,361,-23.7204,149.6764
WA,6760,358,-21.1569,119.7279
NSW,2386,356,-30.0842,148.9725
NSW,2846,356,-33.13,150.0839
VIC,3637,356,-36.0157,145.3103
NT,0845,355,-13.0478,131.0316
NSW,2415,355,-32.311,151.9016
QLD,4468,355,-26.4385,147.0898
VIC,3735,354,-36.5147,146.6012
SA,5416,354,-33.8268,138.7999
WA,6322,353,-34.3732,117.5319
VIC,3407,352,-37.2668,141.8319
WA,6515,352,-29.905,116.0187
VIC,3334,351,-37.7535,144.0539
WA,6484,351,-30.9765,119.112
NSW,2805,350,-33.6364,148.4312
QLD,4699,350,-23.6538,150.6163
WA,6437,350,-27.9168,120.6902
NSW,2490,349,-28.271,153.4621
VIC,3670,349,-36.6108,145.8716
WA,6042,349,-31.2746,115.4428
NSW,2475,348,-28.4859,152.5193
SA,5671,347,-33.1143,134.5889
WA,6620,346,-29.4706,116.31
NSW,2727,345,-34.9673,148.2692
VIC,3835,343,-38.2948,146.172
SA,5237,343,-34.8221,139.1866
WA,6477,343,-30.8044,117.8759
WA,6640,342,-27.3726,117.9493
SA,5136,340,-34.9215,138.7323
NSW,2725,339,-34.4879,147.8744
NSW,2734,339,-35.2772,143.6676
WA,6359,339,-32.4527,118.9523
VIC,3594,338,-35.1699,143.3755
VIC,3865,338,-37.8014,147.4575
VIC,3649,336,-36.0696,145.6955
VIC,3727,336,-36.2563,145.9206
QLD,4474,336,-26.078,144.7221
WA,6326,335,-34.7725,117.7153
VIC,3886,334,-37.7433,148.4493
VIC,3902,334,-37.8155,147.8266
TAS,7276,334,-41.2857,146.9724
VIC,3544,333,-35.47,143.2487
VIC,3682,333,-36.173,146.4331
SA,5142,329,-34.9592,138.745
VIC,3744,328,-36.7751,146.9815
QLD,4482,328,-25.8456,139.6566
SA,5411,328,-34.268,138.7689
VIC,3522,327,-37.0454,144.783
QLD,4611,327,-26.188,151.7782
NT,0839,326,-12.5194,131.0415
TAS,7292,325,-41.4901,146.9082
WA,6229,324,-33.3526,115.7091
VIC,3887,321,-37.7229,148.1169
WA,6219,321,-33.0004,115.8863
TAS,7186,319,-43.01,147.6943
NSW,2876,318,-33.1235,147.8269
VIC,3374,317,-37.1528,142.8504
VIC,3293,315,-37.6789,142.5454
SA,5137,314,-34.9395,138.7389
SA,5308,314,-34.7754,139.9281
WA,6336,312,-33.966,118.5364
VIC,3540,311,-35.8469,143.5191
SA,5410,310,-34.3393,138.7398
WA,6161,310,-32.0039,115.5178
SA,5309,309,-34.9168,140.1453
SA,5415,308,-33.9155,138.7295
WA,6309,308,-32.6608,117.1207
VIC,3302,307,-37.8487,141.7904
NT,0862,306,-17.6645,133.6933
VIC,3624,306,-36.3969,144.9721
QLD,4425,304,-26.6322,149.7657
WA,6445,304,-32.9521,121.6485
SA,5111,303,-34.7345,138.6377
VIC,3665,302,-36.8171,145.394
SA,5331,302,-34.223,140.3447
QLD,4353,300,-27.208,151.8726
TAS,7024,300,-42.9558,147.5301
SA,5601,299,-32.9525,137.6949
SA,5240,298,-34.9203,138.8253
TAS,7027,298,-42.5296,147.3649
QLD,4412,295,-26.8546,150.8083
SA,5350,295,-34.587,138.8343
SA,5346,293,-34.2415,140.4093
NSW,2721,292,-34.0131,147.7601
VIC,3573,292,-36.2288,144.1869
WA,6341,292,-33.5511,118.1544
WA,6569,292,-31.0832,116.4437
QLD,4424,291,-26.6386,149.9542
WA,6448,290,-33.6373,121.8194
WA,6568,290,-31.273,116.5037
SA,5490,289,-33.1755,138.4666
SA,5236,288,-34.8483,139.0643
WA,6490,288,-31.1785,118.1224
QLD,4706,287,-22.6345,149.6561
SA,5733,287,-29.4874,138.1223
WA,6033,287,-31.5987,115.7179
WA,6251,286,-33.7072,115.8804
VIC,3712,285,-37.2678,145.8105
WA,6488,285,-31.1255,117.7924
SA,5472,284,-33.3672,138.4005
WA,6256,284,-34.0149,116.1457
NSW,2803,282,-34.1432,148.4697
SA,5521,282,-33.5346,138.2191
VIC,3509,281,-35.1723,141.7986
SA,5134,279,-34.8957,138.7535
VIC,3412,277,-36.719,141.4761
VIC,3991,276,-38.4792,145.4692
VIC,3726,275,-36.3339,145.9707
VIC,3954,274,-38.5535,145.9467
NSW,2817,273,-31.418,148.8715
VIC,3319,273,-36.9469,141.0813
NT,0853,272,-14.504,132.3958
NSW,2808,270,-33.9555,148.9401
QLD,4496,270,-28.5004,149.4129
VIC,3485,269,-35.6888,142.6802
VIC,3633,269,-36.3007,145.4477
NT,0847,268,-13.8222,131.8342
NSW,2588,268,-34.522,148.1444
SA,5661,266,-32.4026,134.5631
NSW,2736,264,-35.0072,143.3405
VIC,3387,263,-36.7807,142.858
NSW,2356,262,-30.6,148.9788
VIC,3276,259,-38.1539,142.4487
QLD,4697,259,-23.7653,150.8041
TAS,7261,259,-41.164,147.7402
VIC,3063,255,-37.5727,144.8506
VIC,3709,254,-35.9828,147.7041
WA,6472,254,-30.4128,117.8467
WA,6343,250,-33.5392,118.6008
WA,6528,250,-28.9646,114.8164
NT,0846,249,-13.2242,131.1162
VIC,3958,249,-38.6581,146.0358
VIC,3287,247,-38.0781,142.3112
SA,5650,247,-33.2316,135.7103
SA,5263,246,-37.2923,140.8455
SA,5470,246,-33.563,138.4523
VIC,3469,244,-37.1689,143.2666
QLD,4736,244,-24.8536,143.0812
QLD,4376,243,-28.5506,151.9416
NSW,2465,242,-29.4211,153.2443
VIC,3310,242,-37.7206,141.5587
NSW,2735,241,-35.1636,143.4412
VIC,3420,240,-36.3231,141.0537
NT,0837,239,-12.6773,131.1126
TAS,7163,238,-43.2233,147.2479
NSW,2379,237,-31.0949,149.8437
NSW,2401,237,-29.5925,150.3338
VIC,3322,236,-38.034,143.6376
QLD,4426,236,-26.5647,149.6371
NSW,2838,234,-29.1463,147.444
WA,6468,233,-30.3159,117.1327
WA,6606,232,-30.5843,116.7718
VIC,3303,231,-37.9561,141.7397
SA,5632,231,-34.0908,135.6443
SA,5950,231,-34.9438,138.5247
SA,5144,230,-34.9682,138.7671
VIC,3695,229,-36.2924,147.1039
VIC,3864,228,-37.8331,147.3249
QLD,4423,226,-27.3085,149.5902
SA,5414,226,-33.9951,138.8127
WA,6447,226,-33.4142,121.7137
QLD,4676,225,-24.5561,151.7182
WA,6352,225,-33.1907,118.0882
VIC,3330,224,-37.9142,143.7175
VIC,3979,222,-38.4688,145.6223
VIC,3468,221,-37.1974,143.3994
WA,6635,221,-28.3282,116.6951
SA,5420,220,-33.2171,138.8388
VIC,3957,219,-38.5924,146.0793
QLD,4828,219,-19.9047,138.1454
NSW,2726,217,-34.8133,148.3272
VIC,3622,216,-36.2308,144.8574
QLD,4481,216,-25.4189,142.5511
SA,5303,216,-35.2969,140.6871
VIC,3857,215,-38.0129,146.6848
VIC,3921,215,-38.3654,145.3256
SA,5732,214,-30.5433,138.6358
VIC,3746,213,-36.3125,146.5225
QLD,4462,213,-26.5428,148.1968
VIC,3946,212,-38.4288,145.7431
SA,5140,212,-34.9516,138.6938
WA,6421,212,-31.3093,118.5235
VIC,3588,211,-35.2922,143.4577
SA,5132,211,-34.8436,138.7744
VIC,3275,208,-38.2884,142.4707
VIC,3583,208,-35.4978,143.6742
NSW,2585,207,-34.5936,148.5548
VIC,3571,206,-36.3788,144.1958
SA,5418,206,-33.5242,138.9362
TAS,7265,206,-41.0923,147.829
VIC,3329,205,-37.9952,143.927
TAS,7180,205,-43.0476,147.8651
WA,6462,202,-31.1698,117.1495
WA,6564,202,-31.7194,116.5175
VIC,3873,201,-38.3058,146.699
QLD,4364,201,-27.7439,151.4399
VIC,3778,199,-37.5371,145.6694
NSW,2809,198,-34.0085,148.3989
VIC,3254,198,-38.293,143.5244
SA,5232,198,-34.8533,138.8312
SA,5510,198,-33.9305,138.1542
NSW,2826,195,-31.8896,147.6493
NSW,2898,194,-31.5279,159.0683
VIC,3482,194,-36.1511,142.8404
VIC,3891,194,-37.4623,149.6068
NSW,2408,193,-28.9743,150.4289
VIC,3832,193,-37.9204,145.9689
NSW,2624,192,-36.4022,148.4067
SA,5138,192,-34.9373,138.7694
WA,6181,192,-32.4797,115.7955
QLD,4733,191,-22.091,143.2471
VIC,3589,189,-35.2602,143.4601
VIC,3430,188,-37.4852,144.7837
QLD,4494,188,-28.2968,149.6411
WA,6327,188,-34.8886,117.6582
SA,5151,185,-34.9789,138.7299
QLD,4498,182,-28.4162,149.8687
SA,5655,182,-32.6752,134.9032
WA,6446,180,-33.2234,121.7249
NSW,2410,178,-28.9075,150.7692
QLD,4375,177,-28.5234,151.94
WA,6221,176,-33.122,115.8793
WA,6489,176,-31.1164,117.9206
SA,5139,174,-34.9313,138.7993
VIC,3520,171,-36.3555,143.7071
VIC,3705,171,-36.1679,147.7847
VIC,3760,171,-37.6232,145.2858
SA,5133,171,-34.8109,138.7864
WA,6612,171,-30.0138,116.7576
SA,5572,169,-34.2499,137.7646
VIC,3920,168,-38.369,145.2058
QLD,4467,168,-26.4287,147.5214
VIC,3317,167,-37.1591,141.598
VIC,3562,167,-36.016,144.5313
WA,6397,167,-34.5108,117.0215
VIC,3278,165,-38.2789,142.6126
SA,5734,165,-27.4916,135.439
WA,6126,164,-32.4433,115.972
VIC,3274,163,-37.9508,142.5248
VIC,3391,162,-36.0734,142.4217
VIC,3733,162,-36.7601,146.4141
WA,6608,162,-30.3944,116.6695
VIC,3531,161,-35.6352,142.9786
WA,6372,161,-32.6027,117.643
QLD,4704,160,-23.1343,150.4096
VIC,3755,158,-37.5566,145.1161
VIC,3789,158,-37.8799,145.3627
WA,6358,158,-32.4667,118.6872
VIC,3507,157,-35.1308,142.0284
SA,5701,157,-31.0796,135.3682
VIC,3491,156,-35.3844,142.1955
WA,6313,155,-33.068,117.2223
WA,6424,155,-31.344,118.8894
WA,6386,154,-31.9417,117.8504
VIC,3271,152,-37.9351,143.023
WA,6513,152,-30.2729,116.1016
VIC,3375,151,-37.3767,143.1654
VIC,3590,151,-35.2327,143.4756
SA,5310,150,-34.7383,140.2988
TAS,7175,149,-42.8115,147.8486
TAS,7187,149,-43.0695,147.8141
SA,5493,147,-33.03,138.7477
TAS,7211,147,-41.7917,147.4033
WA,6411,146,-31.6076,117.8759
VIC,3413,145,-36.7372,141.2127
QLD,4372,144,-28.2967,152.2438
SA,5653,144,-32.9421,135.2752
SA,5273,143,-36.9527,140.1952
WA,6032,142,-31.6454,115.7467
VIC,3572,140,-36.3113,144.3687
SA,5471,139,-33.4703,138.4507
VIC,3739,138,-36.6469,146.8556
WA,6504,137,-31.3048,116.0725
TAS,7466,137,-42.0734,145.5985
NSW,2555,135,-33.8807,150.7549
VIC,3542,135,-35.6712,143.3883
VIC,3964,135,-38.6829,146.2775
QLD,4489,135,-27.25,145.9956
NSW,2387,134,-29.7822,148.9493
VIC,3279,134,-38.2919,142.5924
VIC,3530,134,-35.721,143.1166
VIC,3267,132,-38.4641,143.0833
QLD,4491,132,-28.1742,145.0323
WA,6356,132,-33.1096,119.7365
SA,5724,131,-27.3024,133.6329
WA,6252,131,-33.7464,115.9476
QLD,4493,130,-28.9695,144.4168
WA,6427,130,-30.8163,119.5229
NSW,2661,127,-35.1538,147.3008
SA,5306,127,-35.1343,139.7172
VIC,3487,126,-35.5949,142.5884
WA,6393,125,-33.5428,116.7702
WA,6361,124,-32.9528,117.8212
WA,6403,124,-31.6384,116.7984
WA,6575,124,-30.4704,116.3677
VIC,3663,123,-36.9241,145.1664
SA,5220,123,-35.7879,137.261
WA,6373,123,-32.5029,117.7404
NSW,2398,122,-29.7367,149.8271
SA,5630,122,-34.4151,135.6894
TAS,7185,122,-43.0564,147.7653
WA,6431,121,-29.8247,121.4745
QLD,4461,119,-26.6026,148.3905
WA,6420,119,-31.791,118.5528
VIC,3607,117,-36.839,145.1673
VIC,3581,116,-35.6005,143.8187
VIC,3738,115,-36.5973,146.7812
SA,5651,115,-33.1241,135.5965
WA,6363,115,-32.8869,118.0194
WA,6505,115,-31.1634,116.1029
VIC,3529,114,-35.8514,143.1789
WA,6758,114,-21.8906,120.1205
WA,6425,113,-31.3658,119.1242
TAS,7174,111,-42.8217,147.8009
VIC,3433,110,-37.4004,144.7731
WA,6223,110,-33.1839,115.8494
VIC,3323,107,-38.0032,143.5071
VIC,3967,107,-38.6467,146.5104
WA,6243,107,-33.6947,116.2382
QLD,4418,105,-26.2741,150.0712
VIC,3432,104,-37.4346,144.7697
SA,5719,104,-30.8944,135.4627
WA,6509,104,-30.9617,116.2299
WA,6512,104,-30.4402,116.0466
VIC,3488,103,-35.4226,142.4453
WA,6465,102,-30.8631,117.1361
SA,5455,101,-33.6899,138.6411
TAS,7176,101,-42.7777,147.802
VIC,3617,99,-36.4128,145.171
WA,6422,99,-31.3717,118.5673
WA,6613,96,-29.98,116.5643
VIC,3599,94,-34.7208,143.1385
WA,6228,94,-33.3304,115.7547
WA,6616,93,-29.7528,116.454
WA,6240,92,-33.5352,115.9679
VIC,3591,91,-35.2055,143.3919
WA,6571,91,-30.9254,116.4138
SA,5660,89,-32.601,134.6518
WA,6419,88,-32.0337,118.1077
WA,6428,88,-32.1374,118.0379
VIC,3718,87,-37.1637,145.5309
VIC,3489,86,-35.3339,142.4334
WA,6473,84,-30.4352,118.1093
WA,6476,84,-30.778,117.6794
VIC,3273,83,-37.9934,142.678
VIC,3309,83,-37.8046,141.5294
SA,5713,83,-32.0369,137.7009
WA,6385,79,-31.9757,117.7452
VIC,3762,77,-37.3541,144.9528
VIC,3378,76,-37.5145,143.0051
WA,6466,76,-30.7449,117.121
VIC,3596,75,-35.1135,143.3125
VIC,3990,75,-38.4522,145.527
WA,6351,74,-33.2137,117.9374
WA,6705,74,-25.0338,115.3022
WA,6368,73,-32.1796,118.4526
WA,6413,73,-31.5299,118.0771
WA,6572,73,-30.8341,116.3861
WA,6357,69,-32.6811,118.7064
NSW,2411,66,-29.1299,150.2974
WA,6414,66,-31.5198,118.1737
WA,6506,66,-31.032,116.0461
WA,6631,64,-28.5254,115.8073
QLD,4513,63,-27.0959,152.8856
VIC,3565,62,-36.1956,144.5376
QLD,4384,62,-28.7303,151.1748
VIC,3708,59,-36.0513,147.9188
SA,5150,56,-34.973,138.6722
WA,6487,56,-31.1898,117.6632
WA,6574,54,-30.6303,116.4135
WA,6632,53,-28.6212,115.2757
VIC,3506,52,-35.2252,141.3684
WA,6470,52,-30.4472,117.2999
SA,5715,51,-32.4842,137.552
WA,6625,49,-29.1764,115.8356
TAS,7119,48,-42.4067,147.3945
TAS,7183,47,-43.1471,147.769
VIC,3785,46,-37.8858,145.3263
WA,6628,46,-28.7657,115.7469
WA,6467,45,-30.5455,117.1603
VIC,3576,44,-36.1267,143.9258
WA,6627,42,-28.8918,115.8905
VIC,3647,39,-36.3881,145.6989
WA,6067,39,-31.82,115.9093
WA,6412,39,-31.4276,117.9315
WA,6605,39,-30.7055,116.8103
WA,6384,38,-31.9542,117.6534
VIC,3893,36,-37.5156,147.8358
WA,6614,35,-29.8596,116.5348
WA,6079,33,-31.7788,115.9092
NSW,2649,31,-35.6888,148.1692
WA,6434,31,-30.7523,121.9492
SA,5717,30,-32.16,135.8152
TAS,7257,30,-40.3713,148.043
VIC,3415,29,-36.3687,141.3583
VIC,3852,29,-38.1043,147.1261
TAS,7139,28,-42.7666,146.0462
WA,6480,27,-31.3059,118.2177
WA,6068,26,-31.8146,115.9383
WA,6463,23,-31.1393,117.295
VIC,3704,21,-36.1514,147.4856
NSW,2678,18,-35.0594,147.3542
QLD,4479,18,-26.7046,145.5387
NSW,2331,16,-32.6454,151.1676
NSW,2308,11,-32.8951,151.7061
WA,6452,3,-33.4707,123.2824
WA,6182,2,-32.4516,115.8284
